#usda 1.0
(
    customLayerData = {
        dictionary cameraSettings = {
            dictionary Front = {
                double3 position = (5, 0, 0)
                double radius = 5
            }
            dictionary Perspective = {
                double3 position = (-11.913517818525802, -4.602321302483087, 4.266409722927074)
                double3 target = (-11.828448837792237, -4.550262012264451, 4.239226219972906)
            }
            dictionary Right = {
                double3 position = (0, -5, 0)
                double radius = 5
            }
            dictionary Top = {
                double3 position = (0, 0, 5)
                double radius = 5
            }
            string boundCamera = "/OmniverseKit_Persp"
        }
        dictionary metricsAssembler = {
            dictionary "/World/bike_1" = {
            }
            dictionary "/World/bike_2" = {
            }
            dictionary "/World/construction_prop" = {
            }
            dictionary "/World/lumber_1" = {
            }
            dictionary "/World/lumber_2" = {
            }
            dictionary "/World/props" = {
            }
            dictionary "/World/scene" = {
            }
            dictionary "/World/scene_01" = {
            }
            dictionary "/World/scene_02" = {
            }
            int version = 1
        }
        dictionary omni_layer = {
            string authoring_layer = "./const_site.usda"
            dictionary locked = {
            }
            dictionary muteness = {
            }
        }
        dictionary renderSettings = {
        }
    }
    defaultPrim = "World"
    endTimeCode = 1000000
    metersPerUnit = 1
    startTimeCode = 0
    timeCodesPerSecond = 60
    upAxis = "Z"
)

def Xform "World"
{
    def DomeLight "DomeLight" (
        prepend apiSchemas = ["ShapingAPI"]
    )
    {
        float inputs:intensity = 1000
        float inputs:shaping:cone:angle = 180
        float inputs:shaping:cone:softness
        float inputs:shaping:focus
        color3f inputs:shaping:focusTint
        asset inputs:shaping:ies:file
        asset inputs:texture:file = @./assets/sunflowers_puresky_4k.exr@
        token inputs:texture:format = "latlong"
        custom int omni:rtx:usdluxVersion = 2505
        quatd xformOp:orient = (0.4999999999999999, 0.5, -0.5000000000000001, -0.5)
        double3 xformOp:scale = (1, 1, 1)
        double3 xformOp:translate = (0, 0, 0)
        uniform token[] xformOpOrder = ["xformOp:translate", "xformOp:orient", "xformOp:scale"]
    }

    def Xform "GroundPlane" (
        prepend apiSchemas = ["MaterialBindingAPI"]
    )
    {
        rel material:binding = </World/props/Materials/Concrete_Block> (
            bindMaterialAs = "weakerThanDescendants"
        )
        token visibility = "inherited"
        quatf xformOp:orient = (1, 0, 0, 0)
        float3 xformOp:scale = (1, 1, 1)
        double3 xformOp:translate = (0, 0, 0)
        uniform token[] xformOpOrder = ["xformOp:translate", "xformOp:orient", "xformOp:scale"]

        def Mesh "CollisionMesh" (
            prepend apiSchemas = ["MaterialBindingAPI"]
        )
        {
            uniform bool doubleSided = 0
            int[] faceVertexCounts = [4]
            int[] faceVertexIndices = [0, 1, 2, 3]
            rel material:binding = None (
                bindMaterialAs = "weakerThanDescendants"
            )
            normal3f[] normals = [(0, 0, 1), (0, 0, 1), (0, 0, 1), (0, 0, 1)]
            point3f[] points = [(-25, -25, 0), (25, -25, 0), (25, 25, 0), (-25, 25, 0)]
            color3f[] primvars:displayColor = [(0.5, 0.5, 0.5)]
            texCoord2f[] primvars:st = [(0, 0), (1, 0), (1, 1), (0, 1)] (
                interpolation = "varying"
            )
        }

        def Plane "CollisionPlane" (
            prepend apiSchemas = ["PhysicsCollisionAPI"]
        )
        {
            uniform token axis = "Z"
            uniform token purpose = "guide"
        }
    }

    def Xform "Environment"
    {
        quatd xformOp:orient = (1, 0, 0, 0)
        double3 xformOp:scale = (1, 1, 1)
        double3 xformOp:translate = (0, 0, 0)
        uniform token[] xformOpOrder = ["xformOp:translate", "xformOp:orient", "xformOp:scale"]
    }

    def "frame" (
        prepend payload = @./assets/frame/construction-prop.usdc@
    )
    {
        quatf xformOp:orient = (1, 0, 0, 0)
        double xformOp:rotateX:unitsResolve = 90
        float3 xformOp:scale = (1, 1, 1)
        double3 xformOp:scale:unitsResolve = (0.01, 0.01, 0.01)
        double3 xformOp:translate = (-0.8312875665621653, -0.04776090586383085, 5.131052489559802e-7)
        uniform token[] xformOpOrder = ["xformOp:translate", "xformOp:orient", "xformOp:scale", "xformOp:rotateX:unitsResolve", "xformOp:scale:unitsResolve"]

        over "Meshes"
        {
            over "Sketchfab_model"
            {
                over "Construct_obj_cleaner_materialmerger_gles"
                {
                    over "Object_2"
                    {
                        over "Object_0"
                        {
                            quatf xformOp:orient = (1, 0, 0, 0)
                            float3 xformOp:scale = (1, 1, 1)
                            double3 xformOp:translate = (0, 0, 0)
                            uniform token[] xformOpOrder = ["xformOp:translate", "xformOp:orient", "xformOp:scale"]
                        }
                    }
                }
            }
        }
    }

    def "lumber_2" (
        prepend payload = @./assets/lumber/scene.usdc@
    )
    {
        quatf xformOp:orient = (1, 0, 0, 0)
        double xformOp:rotateX:unitsResolve = 90
        float3 xformOp:scale = (1.3, 1.3, 1.3)
        double3 xformOp:scale:unitsResolve = (0.01, 0.01, 0.01)
        double3 xformOp:translate = (1.935994702280641, -3.8064560305436084, 0.4788327210485115)
        uniform token[] xformOpOrder = ["xformOp:translate", "xformOp:orient", "xformOp:scale", "xformOp:rotateX:unitsResolve", "xformOp:scale:unitsResolve"]
    }

    def "scene_01" (
        prepend payload = @./assets/cones/scene.usdc@
    )
    {
        quatf xformOp:orient = (1, 0, 0, 0)
        double xformOp:rotateX:unitsResolve = 90
        float3 xformOp:scale = (1, 1, 1)
        double3 xformOp:scale:unitsResolve = (0.01, 0.01, 0.01)
        double3 xformOp:translate = (-8.018167495727539, 2.7163400650024414, 0.558838207295861)
        uniform token[] xformOpOrder = ["xformOp:translate", "xformOp:orient", "xformOp:scale", "xformOp:rotateX:unitsResolve", "xformOp:scale:unitsResolve"]

        over "Meshes"
        {
            over "Sketchfab_model"
            {
                over "_f9754d82f774a30abe6a6bc7f79ad70_fbx"
                {
                    over "RootNode"
                    {
                        over "Conus_LP4"
                        {
                            double3 xformOp:scale = (15, 15, 15)
                            matrix4d xformOp:transform = ( (0.06666666666666667, 0, 0, 0), (0, 1.4802973661668754e-17, -0.06666666666666667, 0), (0, 0.06666666666666667, 1.4802973661668754e-17, 0), (0, -0.024972228333353996, 0, 1) )
                            uniform token[] xformOpOrder = ["xformOp:transform", "xformOp:scale"]

                            over "Conus_LP4_lambert20_0"
                            {
                                over "Conus_LP4_lambert20_0"
                                {
                                    quatf xformOp:orient = (1, 0, 0, 0)
                                    float3 xformOp:scale = (1, 1, 1)
                                    double3 xformOp:translate = (25.72609043268842, -6.691393770969604, 3.5438318946034997e-13)
                                    uniform token[] xformOpOrder = ["xformOp:translate", "xformOp:orient", "xformOp:scale"]
                                }
                            }
                        }

                        over "Conus_LP"
                        {
                            double3 xformOp:scale = (15, 15, 15)
                            matrix4d xformOp:transform = ( (0.06666666666666667, 0, 0, 0), (0, 1.4802973661668754e-17, -0.06666666666666667, 0), (0, 0.06666666666666667, 1.4802973661668754e-17, 0), (0, -0.024972228333353996, -2.7755575615628914e-17, 1) )
                            uniform token[] xformOpOrder = ["xformOp:transform", "xformOp:scale"]
                        }

                        over "pPlane1" (
                            active = false
                        )
                        {
                        }

                        over "Conus_LP1"
                        {
                            double3 xformOp:scale = (15, 15, 15)
                            uniform token[] xformOpOrder = ["xformOp:transform", "xformOp:scale"]

                            over "Conus_LP1_lambert17_0"
                            {
                                over "Conus_LP1_lambert17_0"
                                {
                                    quatf xformOp:orient = (1, 0, 0, 0)
                                    float3 xformOp:scale = (1, 1, 1)
                                    double3 xformOp:translate = (50.2370668907754, -31.57599842477948, -3.0857890958222285)
                                    uniform token[] xformOpOrder = ["xformOp:translate", "xformOp:orient", "xformOp:scale"]
                                }
                            }
                        }

                        over "Conus_LP2"
                        {
                            double3 xformOp:scale = (15, 15, 15)
                            uniform token[] xformOpOrder = ["xformOp:transform", "xformOp:scale"]

                            over "Conus_LP2_lambert18_0"
                            {
                                over "Conus_LP2_lambert18_0"
                                {
                                    quatf xformOp:orient = (1, 0, 0, 0)
                                    float3 xformOp:scale = (1, 1, 1)
                                    double3 xformOp:translate = (39.796640625086255, -5.7870475132799335, -2.941605341899477)
                                    uniform token[] xformOpOrder = ["xformOp:translate", "xformOp:orient", "xformOp:scale"]
                                }
                            }
                        }

                        over "Conus_LP3"
                        {
                            double3 xformOp:scale = (15, 15, 15)
                            uniform token[] xformOpOrder = ["xformOp:transform", "xformOp:scale"]

                            over "Conus_LP3_lambert19_0"
                            {
                                over "Conus_LP3_lambert19_0"
                                {
                                    quatf xformOp:orient = (1, 0, 0, 0)
                                    float3 xformOp:scale = (1, 1, 1)
                                    double3 xformOp:translate = (31.804896526379864, -29.76308938891262, -2.9969238455855622)
                                    uniform token[] xformOpOrder = ["xformOp:translate", "xformOp:orient", "xformOp:scale"]
                                }
                            }
                        }
                    }
                }
            }
        }
    }

    def "props" (
        prepend payload = @./assets/props/scene.usdc@
    )
    {
        quatf xformOp:orient = (1, 0, 0, 0)
        double xformOp:rotateX:unitsResolve = 90
        float3 xformOp:scale = (1, 1, 1)
        double3 xformOp:scale:unitsResolve = (0.01, 0.01, 0.01)
        double3 xformOp:translate = (13.224395751953125, 0.29900339245796204, -0.0000025000858840940055)
        uniform token[] xformOpOrder = ["xformOp:translate", "xformOp:orient", "xformOp:scale", "xformOp:rotateX:unitsResolve", "xformOp:scale:unitsResolve"]

        over "Meshes"
        {
            over "Sketchfab_model"
            {
                over "_67513bfc87b4d0cb9bd3513693dbbf9_fbx"
                {
                    over "RootNode"
                    {
                        over "Concrete_Block"
                        {
                            matrix4d xformOp:transform = ( (-28.64814186096232, 0.000005034807095779452, 95.80857849121072, 0), (95.80857849121116, 0.000014553636731969162, 28.64814186096167, 0), (-0.000012501254137431564, 100.00000000000001, -0.000008993123867817694, 0), (575.9738159179753, 207.6118915944661, 433.3322143554711, 1) )

                            over "Concrete_Block_Concrete_Block_0"
                            {
                                over "Concrete_Block_Concrete_Block_0" (
                                    active = false
                                )
                                {
                                }
                            }
                        }

                        over "Planks"
                        {
                            matrix4d xformOp:transform = ( (12.47470676312903, -0.000016230669243037055, -99.21885165043506, 0), (-99.21885165043778, -0.000001183848239115664, -12.474706763129207, 0), (8.501278958572669e-7, 100.00000000000004, -0.000016251567158676256, 0), (-2538.041692304054, 230.63838342631067, 779.4784330194079, 1) )

                            over "Planks_Planks_0"
                            {
                                over "Planks_Planks_0"
                                {
                                    quatf xformOp:orient = (0.854712, 0.1460541, -0.060909744, -0.49439415)
                                    float3 xformOp:scale = (1, 1, 1)
                                    double3 xformOp:translate = (0.19302857461698064, 0.11317210349141948, -0.8965052253297836)
                                    uniform token[] xformOpOrder = ["xformOp:translate", "xformOp:orient", "xformOp:scale"]
                                }
                            }
                        }

                        def Xform "Planks_01"
                        {
                            matrix4d xformOp:transform = ( (1.335503578257978, -0.000016261470286285587, -99.99107591105101, 0), (-99.99107591105377, 6.33003012998607e-7, -1.3355035782581026, 0), (8.501191306464884e-7, 100.00000000000011, -0.000016251567203085197, 0), (-2611.6334891795077, 68.71759298248836, 532.9828699521871, 1) )
                            uniform token[] xformOpOrder = ["xformOp:transform"]

                            def Xform "Planks_Planks_0"
                            {
                                matrix4d xformOp:transform = ( (1, 0, 0, 0), (0, 1, 0, 0), (0, 0, 1, 0), (0, 0, 0, 1) )
                                uniform token[] xformOpOrder = ["xformOp:transform"]

                                def Mesh "Planks_Planks_0"
                                {
                                    uniform bool doubleSided = 1
                                    float3[] extent = [(-1.6468287, -3.3747246, -0.5498704), (1.6348385, 3.259779, 0.62238836)]
                                    int[] faceVertexCounts = [3, 3, 3, 3, 3, 3, 3, 3, 3, 3, 3, 3, 3, 3, 3, 3, 3, 3, 3, 3, 3, 3, 3, 3, 3, 3, 3, 3, 3, 3, 3, 3, 3, 3, 3, 3, 3, 3, 3, 3, 3, 3, 3, 3, 3, 3, 3, 3, 3, 3, 3, 3, 3, 3, 3, 3, 3, 3, 3, 3, 3, 3, 3, 3, 3, 3, 3, 3, 3, 3, 3, 3, 3, 3, 3, 3, 3, 3, 3, 3, 3, 3, 3, 3, 3, 3, 3, 3, 3, 3, 3, 3, 3, 3, 3, 3, 3, 3, 3, 3, 3, 3, 3, 3, 3, 3, 3, 3, 3, 3, 3, 3, 3, 3, 3, 3, 3, 3, 3, 3, 3, 3, 3, 3, 3, 3, 3, 3, 3, 3, 3, 3, 3, 3, 3, 3, 3, 3, 3, 3, 3, 3, 3, 3, 3, 3, 3, 3, 3, 3, 3, 3, 3, 3, 3, 3, 3, 3, 3, 3, 3, 3, 3, 3, 3, 3, 3, 3, 3, 3, 3, 3, 3, 3, 3, 3, 3, 3, 3, 3, 3, 3, 3, 3, 3, 3, 3, 3, 3, 3, 3, 3, 3, 3, 3, 3, 3, 3, 3, 3, 3, 3, 3, 3, 3, 3, 3, 3, 3, 3, 3, 3, 3, 3, 3, 3, 3, 3, 3, 3, 3, 3, 3, 3, 3, 3, 3, 3, 3, 3, 3, 3, 3, 3, 3, 3, 3, 3, 3, 3, 3, 3, 3, 3, 3, 3, 3, 3, 3, 3, 3, 3, 3, 3, 3, 3, 3, 3, 3, 3, 3, 3, 3, 3, 3, 3, 3, 3, 3, 3, 3, 3, 3, 3, 3, 3, 3, 3, 3, 3, 3, 3, 3, 3, 3, 3, 3, 3, 3, 3, 3, 3, 3, 3, 3, 3, 3, 3, 3, 3, 3, 3, 3, 3, 3, 3, 3, 3, 3, 3, 3, 3, 3, 3, 3, 3, 3, 3, 3, 3, 3, 3, 3, 3, 3, 3, 3, 3, 3, 3, 3, 3, 3, 3, 3, 3, 3, 3, 3, 3, 3, 3, 3, 3, 3, 3, 3, 3, 3, 3, 3, 3, 3, 3, 3, 3, 3, 3, 3, 3, 3, 3, 3, 3, 3, 3, 3, 3, 3, 3, 3, 3, 3, 3, 3, 3, 3, 3, 3, 3, 3, 3, 3, 3, 3, 3, 3, 3, 3, 3, 3, 3, 3, 3, 3, 3, 3, 3, 3, 3, 3, 3, 3, 3, 3, 3, 3, 3, 3, 3, 3, 3, 3, 3, 3, 3, 3, 3, 3, 3, 3, 3, 3, 3, 3, 3, 3, 3, 3, 3, 3, 3, 3, 3, 3, 3, 3, 3, 3, 3, 3, 3, 3, 3, 3, 3, 3, 3, 3, 3, 3, 3, 3, 3, 3, 3, 3, 3, 3, 3, 3, 3, 3, 3, 3, 3, 3, 3, 3, 3, 3, 3, 3, 3, 3, 3, 3, 3, 3, 3, 3, 3, 3, 3, 3, 3, 3, 3, 3, 3, 3, 3, 3, 3, 3, 3, 3, 3, 3, 3, 3, 3, 3, 3]
                                    int[] faceVertexIndices = [0, 1, 2, 0, 2, 3, 3, 4, 5, 3, 5, 6, 6, 7, 8, 6, 8, 9, 9, 10, 11, 9, 11, 0, 3, 6, 9, 3, 9, 0, 7, 12, 13, 7, 13, 8, 14, 15, 16, 14, 16, 17, 17, 18, 19, 17, 19, 20, 20, 21, 22, 20, 22, 23, 23, 24, 25, 23, 25, 14, 17, 20, 23, 17, 23, 14, 21, 26, 27, 21, 27, 22, 28, 29, 30, 28, 30, 31, 31, 32, 33, 31, 33, 34, 34, 35, 36, 34, 36, 37, 37, 38, 39, 37, 39, 28, 31, 34, 37, 31, 37, 28, 35, 40, 41, 35, 41, 36, 42, 43, 44, 42, 44, 45, 45, 46, 47, 45, 47, 48, 48, 49, 50, 48, 50, 51, 51, 52, 53, 51, 53, 42, 45, 48, 51, 45, 51, 42, 49, 54, 55, 49, 55, 50, 56, 57, 58, 56, 58, 59, 59, 60, 61, 59, 61, 62, 62, 63, 64, 62, 64, 65, 65, 66, 67, 65, 67, 56, 59, 62, 65, 59, 65, 56, 63, 68, 69, 63, 69, 64, 70, 71, 72, 70, 72, 73, 73, 74, 75, 73, 75, 76, 76, 77, 78, 76, 78, 79, 79, 80, 81, 79, 81, 70, 73, 76, 79, 73, 79, 70, 77, 82, 83, 77, 83, 78, 84, 85, 86, 84, 86, 87, 87, 88, 89, 87, 89, 90, 90, 91, 92, 90, 92, 93, 93, 94, 95, 93, 95, 84, 87, 90, 93, 87, 93, 84, 91, 96, 97, 91, 97, 92, 98, 99, 100, 98, 100, 101, 101, 102, 103, 101, 103, 104, 104, 105, 106, 104, 106, 107, 107, 108, 109, 107, 109, 98, 101, 104, 107, 101, 107, 98, 105, 110, 111, 105, 111, 106, 112, 113, 114, 112, 114, 115, 115, 116, 117, 115, 117, 118, 118, 119, 120, 118, 120, 121, 121, 122, 123, 121, 123, 112, 115, 118, 121, 115, 121, 112, 119, 124, 125, 119, 125, 120, 126, 127, 128, 126, 128, 129, 129, 130, 131, 129, 131, 132, 132, 133, 134, 132, 134, 135, 135, 136, 137, 135, 137, 126, 129, 132, 135, 129, 135, 126, 133, 138, 139, 133, 139, 134, 140, 141, 142, 140, 142, 143, 143, 144, 145, 143, 145, 146, 146, 147, 148, 146, 148, 149, 149, 150, 151, 149, 151, 140, 143, 146, 149, 143, 149, 140, 147, 152, 153, 147, 153, 148, 154, 155, 156, 154, 156, 157, 157, 158, 159, 157, 159, 160, 160, 161, 162, 160, 162, 163, 163, 164, 165, 163, 165, 154, 157, 160, 163, 157, 163, 154, 161, 166, 167, 161, 167, 162, 168, 169, 170, 168, 170, 171, 171, 172, 173, 171, 173, 174, 174, 175, 176, 174, 176, 177, 177, 178, 179, 177, 179, 168, 171, 174, 177, 171, 177, 168, 175, 180, 181, 175, 181, 176, 182, 183, 184, 182, 184, 185, 185, 186, 187, 185, 187, 188, 188, 189, 190, 188, 190, 191, 191, 192, 193, 191, 193, 182, 185, 188, 191, 185, 191, 182, 189, 194, 195, 189, 195, 190, 196, 197, 198, 196, 198, 199, 199, 200, 201, 199, 201, 202, 202, 203, 204, 202, 204, 205, 205, 206, 207, 205, 207, 196, 199, 202, 205, 199, 205, 196, 203, 208, 209, 203, 209, 204, 210, 211, 212, 210, 212, 213, 213, 214, 215, 213, 215, 216, 216, 217, 218, 216, 218, 219, 219, 220, 221, 219, 221, 210, 213, 216, 219, 213, 219, 210, 217, 222, 223, 217, 223, 218, 224, 225, 226, 224, 226, 227, 227, 228, 229, 227, 229, 230, 230, 231, 232, 230, 232, 233, 233, 234, 235, 233, 235, 224, 227, 230, 233, 227, 233, 224, 231, 236, 237, 231, 237, 232, 238, 239, 240, 238, 240, 241, 241, 242, 243, 241, 243, 244, 244, 245, 246, 244, 246, 247, 247, 248, 249, 247, 249, 238, 241, 244, 247, 241, 247, 238, 245, 250, 251, 245, 251, 246, 252, 253, 254, 252, 254, 255, 255, 256, 257, 255, 257, 258, 258, 259, 260, 258, 260, 261, 261, 262, 263, 261, 263, 252, 255, 258, 261, 255, 261, 252, 259, 264, 265, 259, 265, 260, 266, 267, 268, 266, 268, 269, 269, 270, 271, 269, 271, 272, 272, 273, 274, 272, 274, 275, 275, 276, 277, 275, 277, 266, 269, 272, 275, 269, 275, 266, 273, 278, 279, 273, 279, 274, 280, 281, 282, 280, 282, 283, 283, 284, 285, 283, 285, 286, 286, 287, 288, 286, 288, 289, 289, 290, 291, 289, 291, 280, 283, 286, 289, 283, 289, 280, 287, 292, 293, 287, 293, 288, 294, 295, 296, 294, 296, 297, 297, 298, 299, 297, 299, 300, 300, 301, 302, 300, 302, 303, 303, 304, 305, 303, 305, 294, 297, 300, 303, 297, 303, 294, 301, 306, 307, 301, 307, 302, 308, 309, 310, 308, 310, 311, 311, 312, 313, 311, 313, 314, 314, 315, 316, 314, 316, 317, 317, 318, 319, 317, 319, 308, 311, 314, 317, 311, 317, 308, 315, 320, 321, 315, 321, 316, 322, 323, 324, 322, 324, 325, 325, 326, 327, 325, 327, 328, 328, 329, 330, 328, 330, 331, 331, 332, 333, 331, 333, 322, 325, 328, 331, 325, 331, 322, 329, 334, 335, 329, 335, 330, 336, 337, 338, 336, 338, 339, 339, 340, 341, 339, 341, 342, 342, 343, 344, 342, 344, 345, 345, 346, 347, 345, 347, 336, 339, 342, 345, 339, 345, 336, 343, 348, 349, 343, 349, 344, 350, 351, 352, 350, 352, 353, 353, 354, 355, 353, 355, 356, 356, 357, 358, 356, 358, 359, 359, 360, 361, 359, 361, 350, 353, 356, 359, 353, 359, 350, 357, 362, 363, 357, 363, 358, 364, 365, 366, 364, 366, 367, 367, 368, 369, 367, 369, 370, 370, 371, 372, 370, 372, 373, 373, 374, 375, 373, 375, 364, 367, 370, 373, 367, 373, 364, 371, 376, 377, 371, 377, 372, 378, 379, 380, 378, 380, 381, 381, 382, 383, 381, 383, 384, 384, 385, 386, 384, 386, 387, 387, 388, 389, 387, 389, 378, 381, 384, 387, 381, 387, 378, 385, 390, 391, 385, 391, 386, 392, 393, 394, 392, 394, 395, 395, 396, 397, 395, 397, 398, 398, 399, 400, 398, 400, 401, 401, 402, 403, 401, 403, 392, 395, 398, 401, 395, 401, 392, 399, 404, 405, 399, 405, 400, 406, 407, 408, 406, 408, 409, 409, 410, 411, 409, 411, 412, 412, 413, 414, 412, 414, 415, 415, 416, 417, 415, 417, 406, 409, 412, 415, 409, 415, 406, 413, 418, 419, 413, 419, 414, 420, 421, 422, 420, 422, 423, 423, 424, 425, 423, 425, 426, 426, 427, 428, 426, 428, 429, 429, 430, 431, 429, 431, 420, 423, 426, 429, 423, 429, 420, 427, 432, 433, 427, 433, 428, 434, 435, 436, 434, 436, 437, 437, 438, 439, 437, 439, 440, 440, 441, 442, 440, 442, 443, 443, 444, 445, 443, 445, 434, 437, 440, 443, 437, 443, 434, 441, 446, 447, 441, 447, 442, 448, 449, 450, 448, 450, 451, 451, 452, 453, 451, 453, 454, 454, 455, 456, 454, 456, 457, 457, 458, 459, 457, 459, 448, 451, 454, 457, 451, 457, 448, 455, 460, 461, 455, 461, 456, 462, 463, 464, 462, 464, 465, 465, 466, 467, 465, 467, 468, 468, 469, 470, 468, 470, 471, 471, 472, 473, 471, 473, 462, 465, 468, 471, 465, 471, 462, 469, 474, 475, 469, 475, 470, 476, 477, 478, 476, 478, 479, 479, 480, 481, 479, 481, 482, 482, 483, 484, 482, 484, 485, 485, 486, 487, 485, 487, 476, 479, 482, 485, 479, 485, 476, 483, 488, 489, 483, 489, 484, 490, 491, 492, 490, 492, 493, 493, 494, 495, 493, 495, 496, 496, 497, 498, 496, 498, 499, 499, 500, 501, 499, 501, 490, 493, 496, 499, 493, 499, 490, 497, 502, 503, 497, 503, 498, 504, 505, 506, 504, 506, 507, 507, 508, 509, 507, 509, 510, 510, 511, 512, 510, 512, 513, 513, 514, 515, 513, 515, 504, 507, 510, 513, 507, 513, 504, 511, 516, 517, 511, 517, 512, 518, 519, 520, 518, 520, 521, 521, 522, 523, 521, 523, 524, 524, 525, 526, 524, 526, 527, 527, 528, 529, 527, 529, 518, 521, 524, 527, 521, 527, 518, 525, 530, 531, 525, 531, 526, 532, 533, 534, 532, 534, 535, 535, 536, 537, 535, 537, 538, 538, 539, 540, 538, 540, 541, 541, 542, 543, 541, 543, 532, 535, 538, 541, 535, 541, 532, 539, 544, 545, 539, 545, 540, 546, 547, 548, 546, 548, 549, 549, 550, 551, 549, 551, 552, 552, 553, 554, 552, 554, 555, 555, 556, 557, 555, 557, 546, 549, 552, 555, 549, 555, 546, 553, 558, 559, 553, 559, 554, 560, 561, 562, 560, 562, 563, 563, 564, 565, 563, 565, 566, 566, 567, 568, 566, 568, 569, 569, 570, 571, 569, 571, 560, 563, 566, 569, 563, 569, 560, 567, 572, 573, 567, 573, 568, 574, 575, 576, 574, 576, 577, 577, 578, 579, 577, 579, 580, 580, 581, 582, 580, 582, 583, 583, 584, 585, 583, 585, 574, 577, 580, 583, 577, 583, 574, 581, 586, 587, 581, 587, 582]
                                    rel material:binding = </World/props/Materials/Planks>
                                    normal3f[] normals = [(-0.5815108, -0.5731597, -0.57735026), (-0.5815108, -0.5731597, 0.57735026), (-0.5731597, 0.58151066, 0.57735026), (-0.5731597, 0.58151066, -0.57735026), (-0.5731597, 0.58151066, 0.57735026), (0.58151066, 0.5731597, 0.5773502), (0.58151066, 0.5731597, -0.5773502), (0.58151066, 0.5731597, 0.5773502), (0.5731597, -0.5815107, 0.5773503), (0.5731597, -0.5815107, -0.5773503), (0.5731597, -0.5815107, 0.5773503), (-0.5815108, -0.5731597, 0.57735026), (-0.5731597, 0.58151066, 0.57735026), (-0.5815108, -0.5731597, 0.57735026), (-0.57735026, -0.57735026, -0.57735026), (-0.57735026, -0.57735026, 0.57735026), (-0.57735026, 0.57735026, 0.57735026), (-0.57735026, 0.57735026, -0.57735026), (-0.57735026, 0.57735026, 0.57735026), (0.57735026, 0.57735026, 0.57735026), (0.57735026, 0.57735026, -0.57735026), (0.57735026, 0.57735026, 0.57735026), (0.57735026, -0.57735026, 0.57735026), (0.57735026, -0.57735026, -0.57735026), (0.57735026, -0.57735026, 0.57735026), (-0.57735026, -0.57735026, 0.57735026), (-0.57735026, 0.57735026, 0.57735026), (-0.57735026, -0.57735026, 0.57735026), (-0.57735026, -0.57735026, -0.57735026), (-0.57735026, -0.57735026, 0.57735026), (-0.57735026, 0.57735026, 0.57735026), (-0.57735026, 0.57735026, -0.57735026), (-0.57735026, 0.57735026, 0.57735026), (0.57735026, 0.57735026, 0.57735026), (0.57735026, 0.57735026, -0.57735026), (0.57735026, 0.57735026, 0.57735026), (0.57735026, -0.57735026, 0.57735026), (0.57735026, -0.57735026, -0.57735026), (0.57735026, -0.57735026, 0.57735026), (-0.57735026, -0.57735026, 0.57735026), (-0.57735026, 0.57735026, 0.57735026), (-0.57735026, -0.57735026, 0.57735026), (-0.57735026, -0.57735026, -0.57735026), (-0.57735026, -0.57735026, 0.57735026), (-0.57735026, 0.57735026, 0.57735026), (-0.57735026, 0.57735026, -0.57735026), (-0.57735026, 0.57735026, 0.57735026), (0.57735026, 0.57735026, 0.57735026), (0.57735026, 0.57735026, -0.57735026), (0.57735026, 0.57735026, 0.57735026), (0.57735026, -0.57735026, 0.57735026), (0.57735026, -0.57735026, -0.57735026), (0.57735026, -0.57735026, 0.57735026), (-0.57735026, -0.57735026, 0.57735026), (-0.57735026, 0.57735026, 0.57735026), (-0.57735026, -0.57735026, 0.57735026), (-0.57735026, -0.57735026, -0.57735026), (-0.57735026, -0.57735026, 0.57735026), (-0.57735026, 0.57735026, 0.57735026), (-0.57735026, 0.57735026, -0.57735026), (-0.57735026, 0.57735026, 0.57735026), (0.57735026, 0.57735026, 0.57735026), (0.57735026, 0.57735026, -0.57735026), (0.57735026, 0.57735026, 0.57735026), (0.57735026, -0.57735026, 0.57735026), (0.57735026, -0.57735026, -0.57735026), (0.57735026, -0.57735026, 0.57735026), (-0.57735026, -0.57735026, 0.57735026), (-0.57735026, 0.57735026, 0.57735026), (-0.57735026, -0.57735026, 0.57735026), (-0.57735026, -0.5773503, -0.5773503), (-0.57735026, -0.5773503, 0.5773503), (-0.57735026, 0.5773503, 0.5773503), (-0.57735026, 0.5773503, -0.5773503), (-0.57735026, 0.5773503, 0.5773503), (0.57735026, 0.5773503, 0.5773503), (0.57735026, 0.5773503, -0.5773503), (0.57735026, 0.5773503, 0.5773503), (0.57735026, -0.5773503, 0.5773503), (0.57735026, -0.5773503, -0.5773503), (0.57735026, -0.5773503, 0.5773503), (-0.57735026, -0.5773503, 0.5773503), (-0.57735026, 0.5773503, 0.5773503), (-0.57735026, -0.5773503, 0.5773503), (-0.57735026, -0.5773503, -0.5773503), (-0.57735026, -0.5773503, 0.5773503), (-0.57735026, 0.5773503, 0.5773503), (-0.57735026, 0.5773503, -0.5773503), (-0.57735026, 0.5773503, 0.5773503), (0.57735026, 0.5773503, 0.5773503), (0.57735026, 0.5773503, -0.5773503), (0.57735026, 0.5773503, 0.5773503), (0.57735026, -0.5773503, 0.5773503), (0.57735026, -0.5773503, -0.5773503), (0.57735026, -0.5773503, 0.5773503), (-0.57735026, -0.5773503, 0.5773503), (-0.57735026, 0.5773503, 0.5773503), (-0.57735026, -0.5773503, 0.5773503), (-0.57735026, -0.5773503, -0.5773503), (-0.57735026, -0.5773503, 0.5773503), (-0.57735026, 0.5773503, 0.5773503), (-0.57735026, 0.5773503, -0.5773503), (-0.57735026, 0.5773503, 0.5773503), (0.57735026, 0.5773503, 0.5773503), (0.57735026, 0.5773503, -0.5773503), (0.57735026, 0.5773503, 0.5773503), (0.57735026, -0.5773503, 0.5773503), (0.57735026, -0.5773503, -0.5773503), (0.57735026, -0.5773503, 0.5773503), (-0.57735026, -0.5773503, 0.5773503), (-0.57735026, 0.5773503, 0.5773503), (-0.57735026, -0.5773503, 0.5773503), (-0.57735026, -0.5773503, -0.5773503), (-0.57735026, -0.5773503, 0.5773503), (-0.57735026, 0.5773503, 0.5773503), (-0.57735026, 0.5773503, -0.5773503), (-0.57735026, 0.5773503, 0.5773503), (0.57735026, 0.5773503, 0.5773503), (0.57735026, 0.5773503, -0.5773503), (0.57735026, 0.5773503, 0.5773503), (0.57735026, -0.5773503, 0.5773503), (0.57735026, -0.5773503, -0.5773503), (0.57735026, -0.5773503, 0.5773503), (-0.57735026, -0.5773503, 0.5773503), (-0.57735026, 0.5773503, 0.5773503), (-0.57735026, -0.5773503, 0.5773503), (-0.58411366, -0.57050663, -0.5773503), (-0.58411366, -0.57050663, 0.5773503), (-0.5705067, 0.5841137, 0.57735026), (-0.5705067, 0.5841137, -0.57735026), (-0.5705067, 0.5841137, 0.57735026), (0.5841137, 0.57050675, 0.5773503), (0.5841137, 0.57050675, -0.5773503), (0.5841137, 0.57050675, 0.5773503), (0.57050675, -0.58411366, 0.5773503), (0.57050675, -0.58411366, -0.5773503), (0.57050675, -0.58411366, 0.5773503), (-0.58411366, -0.57050663, 0.5773503), (-0.5705067, 0.5841137, 0.57735026), (-0.58411366, -0.57050663, 0.5773503), (-0.5822902, -0.5723678, -0.5773503), (-0.5822902, -0.5723678, 0.5773503), (-0.5723678, 0.5822902, 0.57735026), (-0.5723678, 0.5822902, -0.57735026), (-0.5723678, 0.5822902, 0.57735026), (0.5822901, 0.5723678, 0.57735026), (0.5822901, 0.5723678, -0.57735026), (0.5822901, 0.5723678, 0.57735026), (0.5723678, -0.5822902, 0.5773503), (0.5723678, -0.5822902, -0.5773503), (0.5723678, -0.5822902, 0.5773503), (-0.5822902, -0.5723678, 0.5773503), (-0.5723678, 0.5822902, 0.57735026), (-0.5822902, -0.5723678, 0.5773503), (-0.57735026, -0.57735026, -0.57735026), (-0.57735026, -0.57735026, 0.57735026), (-0.57735026, 0.57735026, 0.57735026), (-0.57735026, 0.57735026, -0.57735026), (-0.57735026, 0.57735026, 0.57735026), (0.57735026, 0.57735026, 0.57735026), (0.57735026, 0.57735026, -0.57735026), (0.57735026, 0.57735026, 0.57735026), (0.57735026, -0.57735026, 0.57735026), (0.57735026, -0.57735026, -0.57735026), (0.57735026, -0.57735026, 0.57735026), (-0.57735026, -0.57735026, 0.57735026), (-0.57735026, 0.57735026, 0.57735026), (-0.57735026, -0.57735026, 0.57735026), (-0.57735026, -0.57735026, -0.57735026), (-0.57735026, -0.57735026, 0.57735026), (-0.57735026, 0.57735026, 0.57735026), (-0.57735026, 0.57735026, -0.57735026), (-0.57735026, 0.57735026, 0.57735026), (0.57735026, 0.57735026, 0.57735026), (0.57735026, 0.57735026, -0.57735026), (0.57735026, 0.57735026, 0.57735026), (0.57735026, -0.57735026, 0.57735026), (0.57735026, -0.57735026, -0.57735026), (0.57735026, -0.57735026, 0.57735026), (-0.57735026, -0.57735026, 0.57735026), (-0.57735026, 0.57735026, 0.57735026), (-0.57735026, -0.57735026, 0.57735026), (-0.57735026, -0.57735026, -0.57735026), (-0.57735026, -0.57735026, 0.57735026), (-0.57735026, 0.57735026, 0.57735026), (-0.57735026, 0.57735026, -0.57735026), (-0.57735026, 0.57735026, 0.57735026), (0.57735026, 0.57735026, 0.57735026), (0.57735026, 0.57735026, -0.57735026), (0.57735026, 0.57735026, 0.57735026), (0.57735026, -0.57735026, 0.57735026), (0.57735026, -0.57735026, -0.57735026), (0.57735026, -0.57735026, 0.57735026), (-0.57735026, -0.57735026, 0.57735026), (-0.57735026, 0.57735026, 0.57735026), (-0.57735026, -0.57735026, 0.57735026), (-0.57735026, -0.57735026, -0.57735026), (-0.57735026, -0.57735026, 0.57735026), (-0.57735026, 0.57735026, 0.57735026), (-0.57735026, 0.57735026, -0.57735026), (-0.57735026, 0.57735026, 0.57735026), (0.57735026, 0.57735026, 0.57735026), (0.57735026, 0.57735026, -0.57735026), (0.57735026, 0.57735026, 0.57735026), (0.57735026, -0.57735026, 0.57735026), (0.57735026, -0.57735026, -0.57735026), (0.57735026, -0.57735026, 0.57735026), (-0.57735026, -0.57735026, 0.57735026), (-0.57735026, 0.57735026, 0.57735026), (-0.57735026, -0.57735026, 0.57735026), (-0.5756608, -0.57903486, -0.57735026), (-0.5756608, -0.57903486, 0.57735026), (-0.5790349, 0.5756607, 0.57735026), (-0.5790349, 0.5756607, -0.57735026), (-0.5790349, 0.5756607, 0.57735026), (0.5756608, 0.57903486, 0.57735026), (0.5756608, 0.57903486, -0.57735026), (0.5756608, 0.57903486, 0.57735026), (0.5790349, -0.5756607, 0.57735026), (0.5790349, -0.5756607, -0.57735026), (0.5790349, -0.5756607, 0.57735026), (-0.5756608, -0.57903486, 0.57735026), (-0.5790349, 0.5756607, 0.57735026), (-0.5756608, -0.57903486, 0.57735026), (-0.57735026, -0.5773503, -0.5773503), (-0.57735026, -0.5773503, 0.5773503), (-0.57735026, 0.5773503, 0.5773503), (-0.57735026, 0.5773503, -0.5773503), (-0.57735026, 0.5773503, 0.5773503), (0.57735026, 0.5773503, 0.5773503), (0.57735026, 0.5773503, -0.5773503), (0.57735026, 0.5773503, 0.5773503), (0.57735026, -0.5773503, 0.5773503), (0.57735026, -0.5773503, -0.5773503), (0.57735026, -0.5773503, 0.5773503), (-0.57735026, -0.5773503, 0.5773503), (-0.57735026, 0.5773503, 0.5773503), (-0.57735026, -0.5773503, 0.5773503), (-0.57735026, -0.5773503, -0.5773503), (-0.57735026, -0.5773503, 0.5773503), (-0.57735026, 0.5773503, 0.5773503), (-0.57735026, 0.5773503, -0.5773503), (-0.57735026, 0.5773503, 0.5773503), (0.57735026, 0.5773503, 0.5773503), (0.57735026, 0.5773503, -0.5773503), (0.57735026, 0.5773503, 0.5773503), (0.57735026, -0.5773503, 0.5773503), (0.57735026, -0.5773503, -0.5773503), (0.57735026, -0.5773503, 0.5773503), (-0.57735026, -0.5773503, 0.5773503), (-0.57735026, 0.5773503, 0.5773503), (-0.57735026, -0.5773503, 0.5773503), (-0.57735026, -0.5773503, -0.5773503), (-0.57735026, -0.5773503, 0.5773503), (-0.57735026, 0.5773503, 0.5773503), (-0.57735026, 0.5773503, -0.5773503), (-0.57735026, 0.5773503, 0.5773503), (0.57735026, 0.5773503, 0.5773503), (0.57735026, 0.5773503, -0.5773503), (0.57735026, 0.5773503, 0.5773503), (0.57735026, -0.5773503, 0.5773503), (0.57735026, -0.5773503, -0.5773503), (0.57735026, -0.5773503, 0.5773503), (-0.57735026, -0.5773503, 0.5773503), (-0.57735026, 0.5773503, 0.5773503), (-0.57735026, -0.5773503, 0.5773503), (-0.57161105, -0.5830331, -0.5773503), (-0.57161105, -0.5830331, 0.5773503), (-0.58303297, 0.57161117, 0.57735026), (-0.58303297, 0.57161117, -0.57735026), (-0.58303297, 0.57161117, 0.57735026), (0.57161105, 0.5830331, 0.5773503), (0.57161105, 0.5830331, -0.5773503), (0.57161105, 0.5830331, 0.5773503), (0.58303297, -0.57161117, 0.57735026), (0.58303297, -0.57161117, -0.57735026), (0.58303297, -0.57161117, 0.57735026), (-0.57161105, -0.5830331, 0.5773503), (-0.58303297, 0.57161117, 0.57735026), (-0.57161105, -0.5830331, 0.5773503), (-0.58302414, -0.5716201, -0.5773503), (-0.58302414, -0.5716201, 0.5773503), (-0.57162017, 0.5830242, 0.5773502), (-0.57162017, 0.5830242, -0.5773502), (-0.57162017, 0.5830242, 0.5773502), (0.58302414, 0.5716201, 0.5773503), (0.58302414, 0.5716201, -0.5773503), (0.58302414, 0.5716201, 0.5773503), (0.57162017, -0.5830242, 0.5773502), (0.57162017, -0.5830242, -0.5773502), (0.57162017, -0.5830242, 0.5773502), (-0.58302414, -0.5716201, 0.5773503), (-0.57162017, 0.5830242, 0.5773502), (-0.58302414, -0.5716201, 0.5773503), (-0.57735026, -0.57735026, -0.57735026), (-0.57735026, -0.57735026, 0.57735026), (-0.57735026, 0.57735026, 0.57735026), (-0.57735026, 0.57735026, -0.57735026), (-0.57735026, 0.57735026, 0.57735026), (0.57735026, 0.57735026, 0.57735026), (0.57735026, 0.57735026, -0.57735026), (0.57735026, 0.57735026, 0.57735026), (0.57735026, -0.57735026, 0.57735026), (0.57735026, -0.57735026, -0.57735026), (0.57735026, -0.57735026, 0.57735026), (-0.57735026, -0.57735026, 0.57735026), (-0.57735026, 0.57735026, 0.57735026), (-0.57735026, -0.57735026, 0.57735026), (-0.57735026, -0.57735026, -0.57735026), (-0.57735026, -0.57735026, 0.57735026), (-0.57735026, 0.57735026, 0.57735026), (-0.57735026, 0.57735026, -0.57735026), (-0.57735026, 0.57735026, 0.57735026), (0.57735026, 0.57735026, 0.57735026), (0.57735026, 0.57735026, -0.57735026), (0.57735026, 0.57735026, 0.57735026), (0.57735026, -0.57735026, 0.57735026), (0.57735026, -0.57735026, -0.57735026), (0.57735026, -0.57735026, 0.57735026), (-0.57735026, -0.57735026, 0.57735026), (-0.57735026, 0.57735026, 0.57735026), (-0.57735026, -0.57735026, 0.57735026), (-0.57735026, -0.57735026, -0.57735026), (-0.57735026, -0.57735026, 0.57735026), (-0.57735026, 0.57735026, 0.57735026), (-0.57735026, 0.57735026, -0.57735026), (-0.57735026, 0.57735026, 0.57735026), (0.57735026, 0.57735026, 0.57735026), (0.57735026, 0.57735026, -0.57735026), (0.57735026, 0.57735026, 0.57735026), (0.57735026, -0.57735026, 0.57735026), (0.57735026, -0.57735026, -0.57735026), (0.57735026, -0.57735026, 0.57735026), (-0.57735026, -0.57735026, 0.57735026), (-0.57735026, 0.57735026, 0.57735026), (-0.57735026, -0.57735026, 0.57735026), (-0.57735026, -0.57735026, -0.57735026), (-0.57735026, -0.57735026, 0.57735026), (-0.57735026, 0.57735026, 0.57735026), (-0.57735026, 0.57735026, -0.57735026), (-0.57735026, 0.57735026, 0.57735026), (0.57735026, 0.57735026, 0.57735026), (0.57735026, 0.57735026, -0.57735026), (0.57735026, 0.57735026, 0.57735026), (0.57735026, -0.57735026, 0.57735026), (0.57735026, -0.57735026, -0.57735026), (0.57735026, -0.57735026, 0.57735026), (-0.57735026, -0.57735026, 0.57735026), (-0.57735026, 0.57735026, 0.57735026), (-0.57735026, -0.57735026, 0.57735026), (-0.5830241, -0.5716202, -0.57735026), (-0.5830241, -0.5716202, 0.57735026), (-0.57162017, 0.5830242, 0.5773502), (-0.57162017, 0.5830242, -0.5773502), (-0.57162017, 0.5830242, 0.5773502), (0.58302414, 0.5716201, 0.5773503), (0.58302414, 0.5716201, -0.5773503), (0.58302414, 0.5716201, 0.5773503), (0.57162017, -0.5830241, 0.5773502), (0.57162017, -0.5830241, -0.5773502), (0.57162017, -0.5830241, 0.5773502), (-0.5830241, -0.5716202, 0.57735026), (-0.57162017, 0.5830242, 0.5773502), (-0.5830241, -0.5716202, 0.57735026), (-0.57735026, -0.5773503, -0.5773503), (-0.57735026, -0.5773503, 0.5773503), (-0.57735026, 0.5773503, 0.5773503), (-0.57735026, 0.5773503, -0.5773503), (-0.57735026, 0.5773503, 0.5773503), (0.57735026, 0.5773503, 0.5773503), (0.57735026, 0.5773503, -0.5773503), (0.57735026, 0.5773503, 0.5773503), (0.57735026, -0.5773503, 0.5773503), (0.57735026, -0.5773503, -0.5773503), (0.57735026, -0.5773503, 0.5773503), (-0.57735026, -0.5773503, 0.5773503), (-0.57735026, 0.5773503, 0.5773503), (-0.57735026, -0.5773503, 0.5773503), (-0.57735026, -0.5773503, -0.5773503), (-0.57735026, -0.5773503, 0.5773503), (-0.57735026, 0.5773503, 0.5773503), (-0.57735026, 0.5773503, -0.5773503), (-0.57735026, 0.5773503, 0.5773503), (0.57735026, 0.5773503, 0.5773503), (0.57735026, 0.5773503, -0.5773503), (0.57735026, 0.5773503, 0.5773503), (0.57735026, -0.5773503, 0.5773503), (0.57735026, -0.5773503, -0.5773503), (0.57735026, -0.5773503, 0.5773503), (-0.57735026, -0.5773503, 0.5773503), (-0.57735026, 0.5773503, 0.5773503), (-0.57735026, -0.5773503, 0.5773503), (-0.57735026, -0.5773503, -0.5773503), (-0.57735026, -0.5773503, 0.5773503), (-0.57735026, 0.5773503, 0.5773503), (-0.57735026, 0.5773503, -0.5773503), (-0.57735026, 0.5773503, 0.5773503), (0.57735026, 0.5773503, 0.5773503), (0.57735026, 0.5773503, -0.5773503), (0.57735026, 0.5773503, 0.5773503), (0.57735026, -0.5773503, 0.5773503), (0.57735026, -0.5773503, -0.5773503), (0.57735026, -0.5773503, 0.5773503), (-0.57735026, -0.5773503, 0.5773503), (-0.57735026, 0.5773503, 0.5773503), (-0.57735026, -0.5773503, 0.5773503), (-0.57735026, -0.5773503, -0.5773503), (-0.57735026, -0.5773503, 0.5773503), (-0.57735026, 0.5773503, 0.5773503), (-0.57735026, 0.5773503, -0.5773503), (-0.57735026, 0.5773503, 0.5773503), (0.57735026, 0.5773503, 0.5773503), (0.57735026, 0.5773503, -0.5773503), (0.57735026, 0.5773503, 0.5773503), (0.57735026, -0.5773503, 0.5773503), (0.57735026, -0.5773503, -0.5773503), (0.57735026, -0.5773503, 0.5773503), (-0.57735026, -0.5773503, 0.5773503), (-0.57735026, 0.5773503, 0.5773503), (-0.57735026, -0.5773503, 0.5773503), (-0.57735026, -0.57735026, -0.57735026), (-0.57735026, -0.57735026, 0.57735026), (-0.57735026, 0.57735026, 0.57735026), (-0.57735026, 0.57735026, -0.57735026), (-0.57735026, 0.57735026, 0.57735026), (0.57735026, 0.57735026, 0.57735026), (0.57735026, 0.57735026, -0.57735026), (0.57735026, 0.57735026, 0.57735026), (0.57735026, -0.57735026, 0.57735026), (0.57735026, -0.57735026, -0.57735026), (0.57735026, -0.57735026, 0.57735026), (-0.57735026, -0.57735026, 0.57735026), (-0.57735026, 0.57735026, 0.57735026), (-0.57735026, -0.57735026, 0.57735026), (-0.57735026, -0.57735026, -0.57735026), (-0.57735026, -0.57735026, 0.57735026), (-0.57735026, 0.57735026, 0.57735026), (-0.57735026, 0.57735026, -0.57735026), (-0.57735026, 0.57735026, 0.57735026), (0.57735026, 0.57735026, 0.57735026), (0.57735026, 0.57735026, -0.57735026), (0.57735026, 0.57735026, 0.57735026), (0.57735026, -0.57735026, 0.57735026), (0.57735026, -0.57735026, -0.57735026), (0.57735026, -0.57735026, 0.57735026), (-0.57735026, -0.57735026, 0.57735026), (-0.57735026, 0.57735026, 0.57735026), (-0.57735026, -0.57735026, 0.57735026), (-0.57735026, -0.57735026, -0.57735026), (-0.57735026, -0.57735026, 0.57735026), (-0.57735026, 0.57735026, 0.57735026), (-0.57735026, 0.57735026, -0.57735026), (-0.57735026, 0.57735026, 0.57735026), (0.57735026, 0.57735026, 0.57735026), (0.57735026, 0.57735026, -0.57735026), (0.57735026, 0.57735026, 0.57735026), (0.57735026, -0.57735026, 0.57735026), (0.57735026, -0.57735026, -0.57735026), (0.57735026, -0.57735026, 0.57735026), (-0.57735026, -0.57735026, 0.57735026), (-0.57735026, 0.57735026, 0.57735026), (-0.57735026, -0.57735026, 0.57735026), (-0.57735026, -0.57735026, -0.57735026), (-0.57735026, -0.57735026, 0.57735026), (-0.57735026, 0.57735026, 0.57735026), (-0.57735026, 0.57735026, -0.57735026), (-0.57735026, 0.57735026, 0.57735026), (0.57735026, 0.57735026, 0.57735026), (0.57735026, 0.57735026, -0.57735026), (0.57735026, 0.57735026, 0.57735026), (0.57735026, -0.57735026, 0.57735026), (0.57735026, -0.57735026, -0.57735026), (0.57735026, -0.57735026, 0.57735026), (-0.57735026, -0.57735026, 0.57735026), (-0.57735026, 0.57735026, 0.57735026), (-0.57735026, -0.57735026, 0.57735026), (-0.57735026, -0.57735026, -0.57735026), (-0.57735026, -0.57735026, 0.57735026), (-0.57735026, 0.57735026, 0.57735026), (-0.57735026, 0.57735026, -0.57735026), (-0.57735026, 0.57735026, 0.57735026), (0.57735026, 0.57735026, 0.57735026), (0.57735026, 0.57735026, -0.57735026), (0.57735026, 0.57735026, 0.57735026), (0.57735026, -0.57735026, 0.57735026), (0.57735026, -0.57735026, -0.57735026), (0.57735026, -0.57735026, 0.57735026), (-0.57735026, -0.57735026, 0.57735026), (-0.57735026, 0.57735026, 0.57735026), (-0.57735026, -0.57735026, 0.57735026), (-0.58443916, -0.57017326, -0.5773503), (-0.58443916, -0.57017326, 0.5773503), (-0.5701733, 0.5844392, 0.57735026), (-0.5701733, 0.5844392, -0.57735026), (-0.5701733, 0.5844392, 0.57735026), (0.58443916, 0.5701733, 0.5773503), (0.58443916, 0.5701733, -0.5773503), (0.58443916, 0.5701733, 0.5773503), (0.5701734, -0.58443916, 0.57735026), (0.5701734, -0.58443916, -0.57735026), (0.5701734, -0.58443916, 0.57735026), (-0.58443916, -0.57017326, 0.5773503), (-0.5701733, 0.5844392, 0.57735026), (-0.58443916, -0.57017326, 0.5773503), (-0.57735026, -0.5773503, -0.5773503), (-0.57735026, -0.5773503, 0.5773503), (-0.57735026, 0.5773503, 0.5773503), (-0.57735026, 0.5773503, -0.5773503), (-0.57735026, 0.5773503, 0.5773503), (0.57735026, 0.5773503, 0.5773503), (0.57735026, 0.5773503, -0.5773503), (0.57735026, 0.5773503, 0.5773503), (0.57735026, -0.5773503, 0.5773503), (0.57735026, -0.5773503, -0.5773503), (0.57735026, -0.5773503, 0.5773503), (-0.57735026, -0.5773503, 0.5773503), (-0.57735026, 0.5773503, 0.5773503), (-0.57735026, -0.5773503, 0.5773503), (-0.57735026, -0.5773503, -0.5773503), (-0.57735026, -0.5773503, 0.5773503), (-0.57735026, 0.5773503, 0.5773503), (-0.57735026, 0.5773503, -0.5773503), (-0.57735026, 0.5773503, 0.5773503), (0.57735026, 0.5773503, 0.5773503), (0.57735026, 0.5773503, -0.5773503), (0.57735026, 0.5773503, 0.5773503), (0.57735026, -0.5773503, 0.5773503), (0.57735026, -0.5773503, -0.5773503), (0.57735026, -0.5773503, 0.5773503), (-0.57735026, -0.5773503, 0.5773503), (-0.57735026, 0.5773503, 0.5773503), (-0.57735026, -0.5773503, 0.5773503), (-0.57735026, -0.5773503, -0.5773503), (-0.57735026, -0.5773503, 0.5773503), (-0.57735026, 0.5773503, 0.5773503), (-0.57735026, 0.5773503, -0.5773503), (-0.57735026, 0.5773503, 0.5773503), (0.57735026, 0.5773503, 0.5773503), (0.57735026, 0.5773503, -0.5773503), (0.57735026, 0.5773503, 0.5773503), (0.57735026, -0.5773503, 0.5773503), (0.57735026, -0.5773503, -0.5773503), (0.57735026, -0.5773503, 0.5773503), (-0.57735026, -0.5773503, 0.5773503), (-0.57735026, 0.5773503, 0.5773503), (-0.57735026, -0.5773503, 0.5773503), (-0.57735026, -0.5773503, -0.5773503), (-0.57735026, -0.5773503, 0.5773503), (-0.57735026, 0.5773503, 0.5773503), (-0.57735026, 0.5773503, -0.5773503), (-0.57735026, 0.5773503, 0.5773503), (0.57735026, 0.5773503, 0.5773503), (0.57735026, 0.5773503, -0.5773503), (0.57735026, 0.5773503, 0.5773503), (0.57735026, -0.5773503, 0.5773503), (0.57735026, -0.5773503, -0.5773503), (0.57735026, -0.5773503, 0.5773503), (-0.57735026, -0.5773503, 0.5773503), (-0.57735026, 0.5773503, 0.5773503), (-0.57735026, -0.5773503, 0.5773503), (-0.53248566, -0.6189715, -0.5773503), (-0.53248566, -0.6189715, 0.5773503), (-0.6189715, 0.53248566, 0.57735026), (-0.6189715, 0.53248566, -0.57735026), (-0.6189715, 0.53248566, 0.57735026), (0.53248566, 0.6189715, 0.5773503), (0.53248566, 0.6189715, -0.5773503), (0.53248566, 0.6189715, 0.5773503), (0.6189715, -0.53248566, 0.57735026), (0.6189715, -0.53248566, -0.57735026), (0.6189715, -0.53248566, 0.57735026), (-0.53248566, -0.6189715, 0.5773503), (-0.6189715, 0.53248566, 0.57735026), (-0.53248566, -0.6189715, 0.5773503), (-0.5887122, -0.5657602, -0.5773503), (-0.5887122, -0.5657602, 0.5773503), (-0.56575996, 0.58871245, 0.57735026), (-0.56575996, 0.58871245, -0.57735026), (-0.56575996, 0.58871245, 0.57735026), (0.58871245, 0.5657599, 0.5773503), (0.5887124, 0.5657599, -0.5773503), (0.58871245, 0.5657599, 0.5773503), (0.5657602, -0.5887122, 0.57735026), (0.5657602, -0.5887122, -0.57735026), (0.5657602, -0.5887122, 0.57735026), (-0.5887122, -0.5657602, 0.5773503), (-0.56575996, 0.58871245, 0.57735026), (-0.5887122, -0.5657602, 0.5773503)] (
                                        interpolation = "vertex"
                                    )
                                    point3f[] points = [(-1.5983772, -3.076259, -0.5498704), (-1.5983772, -3.076259, -0.420506), (-1.5536094, 3.1135423, -0.420506), (-1.5536094, 3.1135423, -0.5498704), (-1.5536094, 3.1135423, -0.420506), (-0.9499359, 3.1091764, -0.420506), (-0.9499359, 3.1091764, -0.5498704), (-0.9499359, 3.1091764, -0.420506), (-0.994704, -3.0806248, -0.420506), (-0.994704, -3.0806248, -0.5498704), (-0.994704, -3.0806248, -0.420506), (-1.5983772, -3.076259, -0.420506), (-1.5536094, 3.1135423, -0.420506), (-1.5983772, -3.076259, -0.420506), (-0.9348266, -3.1818578, -0.5498704), (-0.9348266, -3.1818578, -0.420506), (-0.9348266, 3.0081055, -0.420506), (-0.9348266, 3.0081055, -0.5498704), (-0.9348266, 3.0081055, -0.420506), (-0.3311375, 3.0081055, -0.420506), (-0.3311375, 3.0081055, -0.5498704), (-0.3311375, 3.0081055, -0.420506), (-0.3311375, -3.1818578, -0.420506), (-0.3311375, -3.1818578, -0.5498704), (-0.3311375, -3.1818578, -0.420506), (-0.9348266, -3.1818578, -0.420506), (-0.9348266, 3.0081055, -0.420506), (-0.9348266, -3.1818578, -0.420506), (-0.32510063, -3.078523, -0.5498704), (-0.32510063, -3.078523, -0.420506), (-0.32510063, 3.1114404, -0.420506), (-0.32510063, 3.1114404, -0.5498704), (-0.32510063, 3.1114404, -0.420506), (0.27858844, 3.1114404, -0.420506), (0.27858844, 3.1114404, -0.5498704), (0.27858844, 3.1114404, -0.420506), (0.27858844, -3.078523, -0.420506), (0.27858844, -3.078523, -0.5498704), (0.27858844, -3.078523, -0.420506), (-0.32510063, -3.078523, -0.420506), (-0.32510063, 3.1114404, -0.420506), (-0.32510063, -3.078523, -0.420506), (0.28462532, -3.3747246, -0.5498704), (0.28462532, -3.3747246, -0.420506), (0.28462532, 2.8152387, -0.420506), (0.28462532, 2.8152387, -0.5498704), (0.28462532, 2.8152387, -0.420506), (0.8883144, 2.8152387, -0.420506), (0.8883144, 2.8152387, -0.5498704), (0.8883144, 2.8152387, -0.420506), (0.8883144, -3.3747246, -0.420506), (0.8883144, -3.3747246, -0.5498704), (0.8883144, -3.3747246, -0.420506), (0.28462532, -3.3747246, -0.420506), (0.28462532, 2.8152387, -0.420506), (0.28462532, -3.3747246, -0.420506), (0.8943513, -3.078523, -0.5498704), (0.8943513, -3.078523, -0.420506), (0.8943513, 3.1114404, -0.420506), (0.8943513, 3.1114404, -0.5498704), (0.8943513, 3.1114404, -0.420506), (1.4980404, 3.1114404, -0.420506), (1.4980404, 3.1114404, -0.5498704), (1.4980404, 3.1114404, -0.420506), (1.4980404, -3.078523, -0.420506), (1.4980404, -3.078523, -0.5498704), (1.4980404, -3.078523, -0.420506), (0.8943513, -3.078523, -0.420506), (0.8943513, 3.1114404, -0.420506), (0.8943513, -3.078523, -0.420506), (-1.5552588, -3.0335193, -0.41921234), (-1.5552588, -3.0335193, -0.28984803), (-1.5552588, 3.156444, -0.28984803), (-1.5552588, 3.156444, -0.41921234), (-1.5552588, 3.156444, -0.28984803), (-0.95156956, 3.156444, -0.28984803), (-0.95156956, 3.156444, -0.41921234), (-0.95156956, 3.156444, -0.28984803), (-0.95156956, -3.0335193, -0.28984803), (-0.95156956, -3.0335193, -0.41921234), (-0.95156956, -3.0335193, -0.28984803), (-1.5552588, -3.0335193, -0.28984803), (-1.5552588, 3.156444, -0.28984803), (-1.5552588, -3.0335193, -0.28984803), (-0.9348266, -3.078523, -0.41921234), (-0.9348266, -3.078523, -0.28984803), (-0.9348266, 3.1114404, -0.28984803), (-0.9348266, 3.1114404, -0.41921234), (-0.9348266, 3.1114404, -0.28984803), (-0.3311375, 3.1114404, -0.28984803), (-0.3311375, 3.1114404, -0.41921234), (-0.3311375, 3.1114404, -0.28984803), (-0.3311375, -3.078523, -0.28984803), (-0.3311375, -3.078523, -0.41921234), (-0.3311375, -3.078523, -0.28984803), (-0.9348266, -3.078523, -0.28984803), (-0.9348266, 3.1114404, -0.28984803), (-0.9348266, -3.078523, -0.28984803), (-0.32510063, -3.1818578, -0.41921234), (-0.32510063, -3.1818578, -0.28984803), (-0.32510063, 3.0081055, -0.28984803), (-0.32510063, 3.0081055, -0.41921234), (-0.32510063, 3.0081055, -0.28984803), (0.27858844, 3.0081055, -0.28984803), (0.27858844, 3.0081055, -0.41921234), (0.27858844, 3.0081055, -0.28984803), (0.27858844, -3.1818578, -0.28984803), (0.27858844, -3.1818578, -0.41921234), (0.27858844, -3.1818578, -0.28984803), (-0.32510063, -3.1818578, -0.28984803), (-0.32510063, 3.0081055, -0.28984803), (-0.32510063, -3.1818578, -0.28984803), (0.28462532, -2.9301844, -0.41921234), (0.28462532, -2.9301844, -0.28984803), (0.28462532, 3.259779, -0.28984803), (0.28462532, 3.259779, -0.41921234), (0.28462532, 3.259779, -0.28984803), (0.8883144, 3.259779, -0.28984803), (0.8883144, 3.259779, -0.41921234), (0.8883144, 3.259779, -0.28984803), (0.8883144, -2.9301844, -0.28984803), (0.8883144, -2.9301844, -0.41921234), (0.8883144, -2.9301844, -0.28984803), (0.28462532, -2.9301844, -0.28984803), (0.28462532, 3.259779, -0.28984803), (0.28462532, -2.9301844, -0.28984803), (0.8737076, -3.0747511, -0.41921234), (0.8737076, -3.0747511, -0.28984803), (0.9466493, 3.1147826, -0.28984803), (0.9466493, 3.1147826, -0.41921234), (0.9466493, 3.1147826, -0.28984803), (1.5502965, 3.1076686, -0.28984803), (1.5502965, 3.1076686, -0.41921234), (1.5502965, 3.1076686, -0.28984803), (1.4773549, -3.081865, -0.28984803), (1.4773549, -3.081865, -0.41921234), (1.4773549, -3.081865, -0.28984803), (0.8737076, -3.0747511, -0.28984803), (0.9466493, 3.1147826, -0.28984803), (0.8737076, -3.0747511, -0.28984803), (-1.610957, -3.1791499, -0.2885544), (-1.610957, -3.1791499, -0.15919007), (-1.5577662, 3.010585, -0.15919007), (-1.5577662, 3.010585, -0.2885544), (-1.5577662, 3.010585, -0.15919007), (-0.9540993, 3.0053976, -0.15919007), (-0.9540993, 3.0053976, -0.2885544), (-0.9540993, 3.0053976, -0.15919007), (-1.0072901, -3.1843374, -0.15919007), (-1.0072901, -3.1843374, -0.2885544), (-1.0072901, -3.1843374, -0.15919007), (-1.610957, -3.1791499, -0.15919007), (-1.5577662, 3.010585, -0.15919007), (-1.610957, -3.1791499, -0.15919007), (-0.9348266, -3.0335193, -0.2885544), (-0.9348266, -3.0335193, -0.15919007), (-0.9348266, 3.156444, -0.15919007), (-0.9348266, 3.156444, -0.2885544), (-0.9348266, 3.156444, -0.15919007), (-0.3311375, 3.156444, -0.15919007), (-0.3311375, 3.156444, -0.2885544), (-0.3311375, 3.156444, -0.15919007), (-0.3311375, -3.0335193, -0.15919007), (-0.3311375, -3.0335193, -0.2885544), (-0.3311375, -3.0335193, -0.15919007), (-0.9348266, -3.0335193, -0.15919007), (-0.9348266, 3.156444, -0.15919007), (-0.9348266, -3.0335193, -0.15919007), (-0.32510063, -3.078523, -0.2885544), (-0.32510063, -3.078523, -0.15919007), (-0.32510063, 3.1114404, -0.15919007), (-0.32510063, 3.1114404, -0.2885544), (-0.32510063, 3.1114404, -0.15919007), (0.27858844, 3.1114404, -0.15919007), (0.27858844, 3.1114404, -0.2885544), (0.27858844, 3.1114404, -0.15919007), (0.27858844, -3.078523, -0.15919007), (0.27858844, -3.078523, -0.2885544), (0.27858844, -3.078523, -0.15919007), (-0.32510063, -3.078523, -0.15919007), (-0.32510063, 3.1114404, -0.15919007), (-0.32510063, -3.078523, -0.15919007), (0.28462532, -3.078523, -0.2885544), (0.28462532, -3.078523, -0.15919007), (0.28462532, 3.1114404, -0.15919007), (0.28462532, 3.1114404, -0.2885544), (0.28462532, 3.1114404, -0.15919007), (0.8883144, 3.1114404, -0.15919007), (0.8883144, 3.1114404, -0.2885544), (0.8883144, 3.1114404, -0.15919007), (0.8883144, -3.078523, -0.15919007), (0.8883144, -3.078523, -0.2885544), (0.8883144, -3.078523, -0.15919007), (0.28462532, -3.078523, -0.15919007), (0.28462532, 3.1114404, -0.15919007), (0.28462532, -3.078523, -0.15919007), (0.8943513, -3.0335193, -0.2885544), (0.8943513, -3.0335193, -0.15919007), (0.8943513, 3.156444, -0.15919007), (0.8943513, 3.156444, -0.2885544), (0.8943513, 3.156444, -0.15919007), (1.4980404, 3.156444, -0.15919007), (1.4980404, 3.156444, -0.2885544), (1.4980404, 3.156444, -0.15919007), (1.4980404, -3.0335193, -0.15919007), (1.4980404, -3.0335193, -0.2885544), (1.4980404, -3.0335193, -0.15919007), (0.8943513, -3.0335193, -0.15919007), (0.8943513, 3.156444, -0.15919007), (0.8943513, -3.0335193, -0.15919007), (-1.5462136, -3.079392, -0.15789644), (-1.5462136, -3.079392, -0.0285321), (-1.5643013, 3.1105454, -0.0285321), (-1.5643013, 3.1105454, -0.15789644), (-1.5643013, 3.1105454, -0.0285321), (-0.9606147, 3.1123095, -0.0285321), (-0.9606147, 3.1123095, -0.15789644), (-0.9606147, 3.1123095, -0.0285321), (-0.94252706, -3.077628, -0.0285321), (-0.94252706, -3.077628, -0.15789644), (-0.94252706, -3.077628, -0.0285321), (-1.5462136, -3.079392, -0.0285321), (-1.5643013, 3.1105454, -0.0285321), (-1.5462136, -3.079392, -0.0285321), (-0.9348266, -3.078523, -0.15789644), (-0.9348266, -3.078523, -0.0285321), (-0.9348266, 3.1114404, -0.0285321), (-0.9348266, 3.1114404, -0.15789644), (-0.9348266, 3.1114404, -0.0285321), (-0.3311375, 3.1114404, -0.0285321), (-0.3311375, 3.1114404, -0.15789644), (-0.3311375, 3.1114404, -0.0285321), (-0.3311375, -3.078523, -0.0285321), (-0.3311375, -3.078523, -0.15789644), (-0.3311375, -3.078523, -0.0285321), (-0.9348266, -3.078523, -0.0285321), (-0.9348266, 3.1114404, -0.0285321), (-0.9348266, -3.078523, -0.0285321), (-0.32510063, -3.078523, -0.15789644), (-0.32510063, -3.078523, -0.0285321), (-0.32510063, 3.1114404, -0.0285321), (-0.32510063, 3.1114404, -0.15789644), (-0.32510063, 3.1114404, -0.0285321), (0.27858844, 3.1114404, -0.0285321), (0.27858844, 3.1114404, -0.15789644), (0.27858844, 3.1114404, -0.0285321), (0.27858844, -3.078523, -0.0285321), (0.27858844, -3.078523, -0.15789644), (0.27858844, -3.078523, -0.0285321), (-0.32510063, -3.078523, -0.0285321), (-0.32510063, 3.1114404, -0.0285321), (-0.32510063, -3.078523, -0.0285321), (0.28462532, -3.078523, -0.15789644), (0.28462532, -3.078523, -0.0285321), (0.28462532, 3.1114404, -0.0285321), (0.28462532, 3.1114404, -0.15789644), (0.28462532, 3.1114404, -0.0285321), (0.8883144, 3.1114404, -0.0285321), (0.8883144, 3.1114404, -0.15789644), (0.8883144, 3.1114404, -0.0285321), (0.8883144, -3.078523, -0.0285321), (0.8883144, -3.078523, -0.15789644), (0.8883144, -3.078523, -0.0285321), (0.28462532, -3.078523, -0.0285321), (0.28462532, 3.1114404, -0.0285321), (0.28462532, -3.078523, -0.0285321), (0.9728515, -3.1846921, -0.15789644), (0.9728515, -3.1846921, -0.028532105), (0.9116217, 3.0049684, -0.028532105), (0.9116217, 3.0049684, -0.15789644), (0.9116217, 3.0049684, -0.028532105), (1.5152812, 3.0109398, -0.028532105), (1.5152812, 3.0109398, -0.15789644), (1.5152812, 3.0109398, -0.028532105), (1.5765111, -3.1787207, -0.028532105), (1.5765111, -3.1787207, -0.15789644), (1.5765111, -3.1787207, -0.028532105), (0.9728515, -3.1846921, -0.028532105), (0.9116217, 3.0049684, -0.028532105), (0.9728515, -3.1846921, -0.028532105), (-1.5855875, -3.030388, -0.027238471), (-1.5855875, -3.030388, 0.102125846), (-1.524456, 3.1592734, 0.102125846), (-1.524456, 3.1592734, -0.027238471), (-1.524456, 3.1592734, 0.102125846), (-0.9207964, 3.153311, 0.102125846), (-0.9207964, 3.153311, -0.027238471), (-0.9207964, 3.153311, 0.102125846), (-0.9819279, -3.0363505, 0.102125846), (-0.9819279, -3.0363505, -0.027238471), (-0.9819279, -3.0363505, 0.102125846), (-1.5855875, -3.030388, 0.102125846), (-1.524456, 3.1592734, 0.102125846), (-1.5855875, -3.030388, 0.102125846), (-0.9348266, -3.078523, -0.027238471), (-0.9348266, -3.078523, 0.102125846), (-0.9348266, 3.1114404, 0.102125846), (-0.9348266, 3.1114404, -0.027238471), (-0.9348266, 3.1114404, 0.102125846), (-0.3311375, 3.1114404, 0.102125846), (-0.3311375, 3.1114404, -0.027238471), (-0.3311375, 3.1114404, 0.102125846), (-0.3311375, -3.078523, 0.102125846), (-0.3311375, -3.078523, -0.027238471), (-0.3311375, -3.078523, 0.102125846), (-0.9348266, -3.078523, 0.102125846), (-0.9348266, 3.1114404, 0.102125846), (-0.9348266, -3.078523, 0.102125846), (-0.32510063, -3.0335193, -0.027238471), (-0.32510063, -3.0335193, 0.102125846), (-0.32510063, 3.156444, 0.102125846), (-0.32510063, 3.156444, -0.027238471), (-0.32510063, 3.156444, 0.102125846), (0.27858844, 3.156444, 0.102125846), (0.27858844, 3.156444, -0.027238471), (0.27858844, 3.156444, 0.102125846), (0.27858844, -3.0335193, 0.102125846), (0.27858844, -3.0335193, -0.027238471), (0.27858844, -3.0335193, 0.102125846), (-0.32510063, -3.0335193, 0.102125846), (-0.32510063, 3.156444, 0.102125846), (-0.32510063, -3.0335193, 0.102125846), (0.28462532, -3.078523, -0.027238471), (0.28462532, -3.078523, 0.102125846), (0.28462532, 3.1114404, 0.102125846), (0.28462532, 3.1114404, -0.027238471), (0.28462532, 3.1114404, 0.102125846), (0.8883144, 3.1114404, 0.102125846), (0.8883144, 3.1114404, -0.027238471), (0.8883144, 3.1114404, 0.102125846), (0.8883144, -3.078523, 0.102125846), (0.8883144, -3.078523, -0.027238471), (0.8883144, -3.078523, 0.102125846), (0.28462532, -3.078523, 0.102125846), (0.28462532, 3.1114404, 0.102125846), (0.28462532, -3.078523, 0.102125846), (0.8943513, -3.078523, -0.027238471), (0.8943513, -3.078523, 0.102125846), (0.8943513, 3.1114404, 0.102125846), (0.8943513, 3.1114404, -0.027238471), (0.8943513, 3.1114404, 0.102125846), (1.4980404, 3.1114404, 0.102125846), (1.4980404, 3.1114404, -0.027238471), (1.4980404, 3.1114404, 0.102125846), (1.4980404, -3.078523, 0.102125846), (1.4980404, -3.078523, -0.027238471), (1.4980404, -3.078523, 0.102125846), (0.8943513, -3.078523, 0.102125846), (0.8943513, 3.1114404, 0.102125846), (0.8943513, -3.078523, 0.102125846), (-1.5860322, -3.0753899, 0.103419505), (-1.5860322, -3.0753899, 0.23278381), (-1.5249004, 3.1142716, 0.23278381), (-1.5249004, 3.1142716, 0.103419505), (-1.5249004, 3.1142716, 0.23278381), (-0.9212408, 3.1083093, 0.23278381), (-0.9212408, 3.1083093, 0.103419505), (-0.9212408, 3.1083093, 0.23278381), (-0.9823723, -3.081352, 0.23278381), (-0.9823723, -3.081352, 0.103419505), (-0.9823723, -3.081352, 0.23278381), (-1.5860322, -3.0753899, 0.23278381), (-1.5249004, 3.1142716, 0.23278381), (-1.5860322, -3.0753899, 0.23278381), (-0.9348266, -3.078523, 0.103419505), (-0.9348266, -3.078523, 0.23278381), (-0.9348266, 3.1114404, 0.23278381), (-0.9348266, 3.1114404, 0.103419505), (-0.9348266, 3.1114404, 0.23278381), (-0.3311375, 3.1114404, 0.23278381), (-0.3311375, 3.1114404, 0.103419505), (-0.3311375, 3.1114404, 0.23278381), (-0.3311375, -3.078523, 0.23278381), (-0.3311375, -3.078523, 0.103419505), (-0.3311375, -3.078523, 0.23278381), (-0.9348266, -3.078523, 0.23278381), (-0.9348266, 3.1114404, 0.23278381), (-0.9348266, -3.078523, 0.23278381), (-0.32510063, -3.078523, 0.103419505), (-0.32510063, -3.078523, 0.23278381), (-0.32510063, 3.1114404, 0.23278381), (-0.32510063, 3.1114404, 0.103419505), (-0.32510063, 3.1114404, 0.23278381), (0.27858844, 3.1114404, 0.23278381), (0.27858844, 3.1114404, 0.103419505), (0.27858844, 3.1114404, 0.23278381), (0.27858844, -3.078523, 0.23278381), (0.27858844, -3.078523, 0.103419505), (0.27858844, -3.078523, 0.23278381), (-0.32510063, -3.078523, 0.23278381), (-0.32510063, 3.1114404, 0.23278381), (-0.32510063, -3.078523, 0.23278381), (0.28462532, -3.1818578, 0.103419505), (0.28462532, -3.1818578, 0.23278381), (0.28462532, 3.0081055, 0.23278381), (0.28462532, 3.0081055, 0.103419505), (0.28462532, 3.0081055, 0.23278381), (0.8883144, 3.0081055, 0.23278381), (0.8883144, 3.0081055, 0.103419505), (0.8883144, 3.0081055, 0.23278381), (0.8883144, -3.1818578, 0.23278381), (0.8883144, -3.1818578, 0.103419505), (0.8883144, -3.1818578, 0.23278381), (0.28462532, -3.1818578, 0.23278381), (0.28462532, 3.0081055, 0.23278381), (0.28462532, -3.1818578, 0.23278381), (0.9304021, -3.078523, 0.103419505), (0.9304021, -3.078523, 0.23278381), (0.9304021, 3.1114404, 0.23278381), (0.9304021, 3.1114404, 0.103419505), (0.9304021, 3.1114404, 0.23278381), (1.5340912, 3.1114404, 0.23278381), (1.5340912, 3.1114404, 0.103419505), (1.5340912, 3.1114404, 0.23278381), (1.5340912, -3.078523, 0.23278381), (1.5340912, -3.078523, 0.103419505), (1.5340912, -3.078523, 0.23278381), (0.9304021, -3.078523, 0.23278381), (0.9304021, 3.1114404, 0.23278381), (0.9304021, -3.078523, 0.23278381), (-1.5552588, -3.1818578, 0.23407753), (-1.5552588, -3.1818578, 0.36344185), (-1.5552588, 3.0081055, 0.36344185), (-1.5552588, 3.0081055, 0.23407753), (-1.5552588, 3.0081055, 0.36344185), (-0.95156956, 3.0081055, 0.36344185), (-0.95156956, 3.0081055, 0.23407753), (-0.95156956, 3.0081055, 0.36344185), (-0.95156956, -3.1818578, 0.36344185), (-0.95156956, -3.1818578, 0.23407753), (-0.95156956, -3.1818578, 0.36344185), (-1.5552588, -3.1818578, 0.36344185), (-1.5552588, 3.0081055, 0.36344185), (-1.5552588, -3.1818578, 0.36344185), (-0.9348266, -3.0335193, 0.23407753), (-0.9348266, -3.0335193, 0.36344185), (-0.9348266, 3.156444, 0.36344185), (-0.9348266, 3.156444, 0.23407753), (-0.9348266, 3.156444, 0.36344185), (-0.3311375, 3.156444, 0.36344185), (-0.3311375, 3.156444, 0.23407753), (-0.3311375, 3.156444, 0.36344185), (-0.3311375, -3.0335193, 0.36344185), (-0.3311375, -3.0335193, 0.23407753), (-0.3311375, -3.0335193, 0.36344185), (-0.9348266, -3.0335193, 0.36344185), (-0.9348266, 3.156444, 0.36344185), (-0.9348266, -3.0335193, 0.36344185), (-0.32510063, -3.078523, 0.23407753), (-0.32510063, -3.078523, 0.36344185), (-0.32510063, 3.1114404, 0.36344185), (-0.32510063, 3.1114404, 0.23407753), (-0.32510063, 3.1114404, 0.36344185), (0.27858844, 3.1114404, 0.36344185), (0.27858844, 3.1114404, 0.23407753), (0.27858844, 3.1114404, 0.36344185), (0.27858844, -3.078523, 0.36344185), (0.27858844, -3.078523, 0.23407753), (0.27858844, -3.078523, 0.36344185), (-0.32510063, -3.078523, 0.36344185), (-0.32510063, 3.1114404, 0.36344185), (-0.32510063, -3.078523, 0.36344185), (0.28462532, -3.078523, 0.23407753), (0.28462532, -3.078523, 0.36344185), (0.28462532, 3.1114404, 0.36344185), (0.28462532, 3.1114404, 0.23407753), (0.28462532, 3.1114404, 0.36344185), (0.8883144, 3.1114404, 0.36344185), (0.8883144, 3.1114404, 0.23407753), (0.8883144, 3.1114404, 0.36344185), (0.8883144, -3.078523, 0.36344185), (0.8883144, -3.078523, 0.23407753), (0.8883144, -3.078523, 0.36344185), (0.28462532, -3.078523, 0.36344185), (0.28462532, 3.1114404, 0.36344185), (0.28462532, -3.078523, 0.36344185), (0.9304021, -2.9301844, 0.23407753), (0.9304021, -2.9301844, 0.36344185), (0.9304021, 3.259779, 0.36344185), (0.9304021, 3.259779, 0.23407753), (0.9304021, 3.259779, 0.36344185), (1.5340912, 3.259779, 0.36344185), (1.5340912, 3.259779, 0.23407753), (1.5340912, 3.259779, 0.36344185), (1.5340912, -2.9301844, 0.36344185), (1.5340912, -2.9301844, 0.23407753), (1.5340912, -2.9301844, 0.36344185), (0.9304021, -2.9301844, 0.36344185), (0.9304021, 3.259779, 0.36344185), (0.9304021, -2.9301844, 0.36344185), (-1.6468287, -3.0745575, 0.3647355), (-1.6468287, -3.0745575, 0.49409983), (-1.5703552, 3.1149335, 0.49409983), (-1.5703552, 3.1149335, 0.3647355), (-1.5703552, 3.1149335, 0.49409983), (-0.96671224, 3.107475, 0.49409983), (-0.96671224, 3.107475, 0.3647355), (-0.96671224, 3.107475, 0.49409983), (-1.0431855, -3.082016, 0.49409983), (-1.0431855, -3.082016, 0.3647355), (-1.0431855, -3.082016, 0.49409983), (-1.6468287, -3.0745575, 0.49409983), (-1.5703552, 3.1149335, 0.49409983), (-1.6468287, -3.0745575, 0.49409983), (-0.9348266, -3.078523, 0.3647355), (-0.9348266, -3.078523, 0.49409983), (-0.9348266, 3.1114404, 0.49409983), (-0.9348266, 3.1114404, 0.3647355), (-0.9348266, 3.1114404, 0.49409983), (-0.3311375, 3.1114404, 0.49409983), (-0.3311375, 3.1114404, 0.3647355), (-0.3311375, 3.1114404, 0.49409983), (-0.3311375, -3.078523, 0.49409983), (-0.3311375, -3.078523, 0.3647355), (-0.3311375, -3.078523, 0.49409983), (-0.9348266, -3.078523, 0.49409983), (-0.9348266, 3.1114404, 0.49409983), (-0.9348266, -3.078523, 0.49409983), (-0.32510063, -2.9301844, 0.3647355), (-0.32510063, -2.9301844, 0.49409983), (-0.32510063, 3.259779, 0.49409983), (-0.32510063, 3.259779, 0.3647355), (-0.32510063, 3.259779, 0.49409983), (0.27858844, 3.259779, 0.49409983), (0.27858844, 3.259779, 0.3647355), (0.27858844, 3.259779, 0.49409983), (0.27858844, -2.9301844, 0.49409983), (0.27858844, -2.9301844, 0.3647355), (0.27858844, -2.9301844, 0.49409983), (-0.32510063, -2.9301844, 0.49409983), (-0.32510063, 3.259779, 0.49409983), (-0.32510063, -2.9301844, 0.49409983), (0.28462532, -3.1818578, 0.3647355), (0.28462532, -3.1818578, 0.49409983), (0.28462532, 3.0081055, 0.49409983), (0.28462532, 3.0081055, 0.3647355), (0.28462532, 3.0081055, 0.49409983), (0.8883144, 3.0081055, 0.49409983), (0.8883144, 3.0081055, 0.3647355), (0.8883144, 3.0081055, 0.49409983), (0.8883144, -3.1818578, 0.49409983), (0.8883144, -3.1818578, 0.3647355), (0.8883144, -3.1818578, 0.49409983), (0.28462532, -3.1818578, 0.49409983), (0.28462532, 3.0081055, 0.49409983), (0.28462532, -3.1818578, 0.49409983), (0.8943513, -3.078523, 0.3647355), (0.8943513, -3.078523, 0.49409983), (0.8943513, 3.1114404, 0.49409983), (0.8943513, 3.1114404, 0.3647355), (0.8943513, 3.1114404, 0.49409983), (1.4980404, 3.1114404, 0.49409983), (1.4980404, 3.1114404, 0.3647355), (1.4980404, 3.1114404, 0.49409983), (1.4980404, -3.078523, 0.49409983), (1.4980404, -3.078523, 0.3647355), (1.4980404, -3.078523, 0.49409983), (0.8943513, -3.078523, 0.49409983), (0.8943513, 3.1114404, 0.49409983), (0.8943513, -3.078523, 0.49409983), (-0.35740098, -3.195772, 0.4930242), (-0.35740098, -3.195772, 0.62238836), (-0.8210232, 2.9768043, 0.62238836), (-0.8210232, 2.9768043, 0.4930242), (-0.8210232, 2.9768043, 0.62238836), (-0.21902993, 3.0220199, 0.62238836), (-0.21902993, 3.0220199, 0.4930242), (-0.21902993, 3.0220199, 0.62238836), (0.24459234, -3.1505563, 0.62238836), (0.24459234, -3.1505563, 0.4930242), (0.24459234, -3.1505563, 0.62238836), (-0.35740098, -3.195772, 0.62238836), (-0.8210232, 2.9768043, 0.62238836), (-0.35740098, -3.195772, 0.62238836), (0.90823096, -3.355333, 0.4930242), (0.90823096, -3.355333, 0.62238836), (1.0312688, 2.8334067, 0.62238836), (1.0312688, 2.8334067, 0.4930242), (1.0312688, 2.8334067, 0.62238836), (1.6348385, 2.8214066, 0.62238836), (1.6348385, 2.8214066, 0.4930242), (1.6348385, 2.8214066, 0.62238836), (1.5118006, -3.3673327, 0.62238836), (1.5118006, -3.3673327, 0.4930242), (1.5118006, -3.3673327, 0.62238836), (0.90823096, -3.355333, 0.62238836), (1.0312688, 2.8334067, 0.62238836), (0.90823096, -3.355333, 0.62238836)]
                                    texCoord2f[] primvars:st0 = [(0.52398455, 0.75803065), (0.51911676, 0.75803065), (0.51911664, 0.9909505), (0.52398455, 0.9909505), (0.52398455, 0.9958183), (0.5467005, 0.9958183), (0.5467005, 0.9909505), (0.55156827, 0.9909505), (0.55156827, 0.75803065), (0.5467005, 0.75803065), (0.5467005, 0.75316286), (0.52398455, 0.75316286), (0.5742843, 0.9909505), (0.5742843, 0.75803065), (0.38845316, 0.9909505), (0.39332095, 0.9909505), (0.39332095, 0.75803065), (0.38845316, 0.75803065), (0.38845316, 0.75316286), (0.36573717, 0.75316286), (0.36573717, 0.75803065), (0.36086938, 0.75803065), (0.36086935, 0.9909505), (0.36573714, 0.9909505), (0.36573714, 0.9958183), (0.38845316, 0.9958183), (0.33815336, 0.75803065), (0.33815336, 0.9909505), (0.40334222, 0.75803065), (0.3984744, 0.75803065), (0.3984744, 0.9909505), (0.40334222, 0.9909505), (0.40334222, 0.9958183), (0.42605823, 0.9958183), (0.42605823, 0.9909505), (0.43092602, 0.9909505), (0.430926, 0.75803065), (0.4260582, 0.75803065), (0.4260582, 0.75316286), (0.40334222, 0.75316286), (0.453642, 0.9909505), (0.453642, 0.75803065), (0.86872005, 0.24737471), (0.87358785, 0.24737471), (0.87358785, 0.014454901), (0.86872005, 0.014454901), (0.86872005, 0.009587109), (0.846004, 0.009587109), (0.846004, 0.014454901), (0.8411362, 0.014454901), (0.8411362, 0.24737471), (0.846004, 0.24737471), (0.846004, 0.2522425), (0.86872005, 0.2522425), (0.8184203, 0.014454901), (0.8184202, 0.24737471), (0.8859107, 0.5102216), (0.88104284, 0.5102216), (0.88104284, 0.74314153), (0.8859107, 0.74314153), (0.8859107, 0.74800926), (0.9086267, 0.74800926), (0.9086267, 0.74314153), (0.91349447, 0.74314153), (0.91349447, 0.5102216), (0.9086267, 0.5102216), (0.9086267, 0.5053538), (0.8859107, 0.5053538), (0.9362105, 0.74314153), (0.9362105, 0.5102216), (0.3270716, 0.9909703), (0.33193943, 0.9909703), (0.33193943, 0.7580504), (0.3270716, 0.7580504), (0.3270716, 0.75318265), (0.3043556, 0.75318265), (0.3043556, 0.7580504), (0.29948783, 0.7580504), (0.29948783, 0.9909703), (0.3043556, 0.9909703), (0.3043556, 0.99583805), (0.3270716, 0.99583805), (0.2767718, 0.7580504), (0.2767718, 0.9909703), (0.5090954, 0.49533272), (0.5139631, 0.49533272), (0.5139631, 0.2624128), (0.50909525, 0.2624128), (0.50909525, 0.25754505), (0.4863793, 0.25754505), (0.4863793, 0.2624128), (0.48151153, 0.2624128), (0.48151153, 0.49533272), (0.4863793, 0.49533272), (0.4863793, 0.5002005), (0.5090954, 0.5002005), (0.45879546, 0.2624128), (0.45879546, 0.49533272), (0.74626195, 0.24846697), (0.75112987, 0.24846697), (0.75112987, 0.015547097), (0.7462621, 0.015547097), (0.7462621, 0.010679305), (0.723546, 0.010679305), (0.723546, 0.015547097), (0.71867824, 0.015547097), (0.71867824, 0.24846697), (0.723546, 0.24846697), (0.723546, 0.25333476), (0.74626195, 0.25333476), (0.6959623, 0.015547097), (0.6959622, 0.24846697), (0.6446266, 0.75803065), (0.6397587, 0.75803065), (0.6397587, 0.9909505), (0.6446266, 0.9909505), (0.6446266, 0.9958183), (0.66734254, 0.9958183), (0.66734254, 0.9909505), (0.67221034, 0.9909505), (0.67221034, 0.75803065), (0.66734254, 0.75803065), (0.66734254, 0.75316286), (0.6446266, 0.75316286), (0.6949264, 0.9909505), (0.6949264, 0.75803065), (0.76526874, 0.2624128), (0.7604009, 0.2624128), (0.7604009, 0.49533272), (0.7652687, 0.49533272), (0.7652687, 0.5002005), (0.78798467, 0.5002005), (0.78798467, 0.49533272), (0.79285246, 0.49533272), (0.7928525, 0.2624128), (0.78798467, 0.2624128), (0.78798467, 0.25754505), (0.76526874, 0.25754505), (0.8155685, 0.49533272), (0.8155685, 0.2624128), (0.5694164, 0.74314153), (0.57428426, 0.74314153), (0.57428426, 0.5102216), (0.5694164, 0.5102216), (0.5694164, 0.5053538), (0.5467005, 0.5053538), (0.5467005, 0.5102216), (0.5418326, 0.5102216), (0.5418326, 0.74314153), (0.5467005, 0.74314153), (0.5467005, 0.74800926), (0.5694164, 0.74800926), (0.51911664, 0.5102216), (0.51911664, 0.74314153), (0.94623184, 0.75803065), (0.941364, 0.75803065), (0.941364, 0.9909505), (0.94623184, 0.9909505), (0.94623184, 0.9958183), (0.9689478, 0.9958183), (0.9689478, 0.9909505), (0.9738156, 0.9909505), (0.9738156, 0.75803065), (0.9689478, 0.75803065), (0.9689478, 0.75316286), (0.94623184, 0.75316286), (0.99653167, 0.9909505), (0.99653167, 0.75803065), (0.6297375, 0.49533272), (0.6346052, 0.49533272), (0.6346052, 0.2624128), (0.6297375, 0.2624128), (0.6297375, 0.25754505), (0.6070215, 0.25754505), (0.6070215, 0.2624128), (0.60215366, 0.2624128), (0.60215366, 0.49533272), (0.60702145, 0.49533272), (0.60702145, 0.5002005), (0.6297375, 0.5002005), (0.5794377, 0.2624128), (0.5794377, 0.49533272), (0.685941, 0.24846697), (0.6908088, 0.24846697), (0.6908088, 0.015547097), (0.685941, 0.015547097), (0.685941, 0.010679305), (0.66322494, 0.010679305), (0.66322494, 0.015547097), (0.65835714, 0.015547097), (0.65835714, 0.24846697), (0.66322494, 0.24846697), (0.66322494, 0.25333476), (0.685941, 0.25333476), (0.6356411, 0.015547097), (0.6356411, 0.24846697), (0.5090953, 0.7431417), (0.5139631, 0.7431417), (0.5139631, 0.51022184), (0.5090953, 0.51022184), (0.5090953, 0.50535405), (0.4863793, 0.50535405), (0.4863793, 0.51022184), (0.48151153, 0.51022184), (0.48151153, 0.7431417), (0.4863793, 0.7431417), (0.4863793, 0.74800944), (0.5090953, 0.74800944), (0.45879552, 0.51022184), (0.45879552, 0.7431417), (0.5619064, 0.24729371), (0.56677425, 0.24729371), (0.5667742, 0.014373779), (0.5619064, 0.014373779), (0.5619064, 0.009506106), (0.5391904, 0.009506106), (0.5391904, 0.014373779), (0.5343226, 0.014373779), (0.5343226, 0.24729371), (0.5391904, 0.24729371), (0.5391904, 0.2521615), (0.5619064, 0.2521615), (0.51160663, 0.014373779), (0.51160663, 0.24729371), (0.7503796, 0.9909505), (0.7552475, 0.9909505), (0.7552475, 0.75803065), (0.7503796, 0.75803065), (0.7503796, 0.75316286), (0.72766364, 0.75316286), (0.72766364, 0.75803065), (0.72279584, 0.75803065), (0.72279584, 0.9909505), (0.7276637, 0.9909505), (0.7276637, 0.9958183), (0.7503796, 0.9958183), (0.70007986, 0.75803065), (0.70007986, 0.9909505), (0.70494753, 0.2624128), (0.7000797, 0.2624128), (0.7000797, 0.49533272), (0.70494753, 0.49533272), (0.70494753, 0.5002005), (0.7276635, 0.5002005), (0.7276635, 0.49533272), (0.7325313, 0.49533272), (0.7325313, 0.2624128), (0.7276635, 0.2624128), (0.7276635, 0.25754505), (0.70494753, 0.25754505), (0.75524735, 0.49533272), (0.75524735, 0.2624128), (0.7652686, 0.75803065), (0.7604007, 0.75803065), (0.7604007, 0.9909505), (0.7652686, 0.9909505), (0.7652686, 0.9958183), (0.78798455, 0.9958183), (0.78798455, 0.9909505), (0.79285234, 0.9909505), (0.79285234, 0.75803065), (0.78798455, 0.75803065), (0.78798455, 0.75316286), (0.7652686, 0.75316286), (0.8155684, 0.9909505), (0.8155684, 0.75803065), (0.6900585, 0.49533272), (0.6949264, 0.49533272), (0.6949264, 0.2624128), (0.69005865, 0.2624128), (0.69005865, 0.25754505), (0.66734254, 0.25754505), (0.66734254, 0.2624128), (0.6624748, 0.2624128), (0.6624748, 0.49533272), (0.66734254, 0.49533272), (0.66734254, 0.5002005), (0.6900585, 0.5002005), (0.6397587, 0.2624128), (0.6397587, 0.49533272), (0.6446265, 0.51022184), (0.6397587, 0.51022184), (0.6397587, 0.7431417), (0.6446265, 0.7431417), (0.6446265, 0.74800944), (0.66734254, 0.74800944), (0.66734254, 0.7431417), (0.67221034, 0.7431417), (0.67221034, 0.51022184), (0.66734254, 0.51022184), (0.66734254, 0.50535405), (0.6446265, 0.50535405), (0.6949264, 0.7431417), (0.6949264, 0.51022184), (0.8710217, 0.49533272), (0.8758894, 0.49533272), (0.8758894, 0.2624128), (0.8710217, 0.2624128), (0.8710217, 0.25754505), (0.84830564, 0.25754505), (0.84830564, 0.2624128), (0.84343785, 0.2624128), (0.84343785, 0.49533272), (0.84830564, 0.49533272), (0.84830564, 0.5002005), (0.8710217, 0.5002005), (0.82072186, 0.2624128), (0.82072186, 0.49533272), (0.9313427, 0.49533272), (0.9362105, 0.49533272), (0.9362105, 0.2624128), (0.9313427, 0.2624128), (0.9313427, 0.25754505), (0.90862674, 0.25754505), (0.90862674, 0.2624128), (0.9037589, 0.2624128), (0.9037589, 0.49533272), (0.90862674, 0.49533272), (0.90862674, 0.5002005), (0.9313427, 0.5002005), (0.88104296, 0.2624128), (0.88104296, 0.49533272), (0.9893621, 0.24737471), (0.99423003, 0.24737471), (0.99423003, 0.014454901), (0.9893621, 0.014454901), (0.9893621, 0.009587109), (0.9666462, 0.009587109), (0.9666462, 0.014454901), (0.9617784, 0.014454901), (0.9617784, 0.24737471), (0.9666462, 0.24737471), (0.9666462, 0.2522425), (0.9893621, 0.2522425), (0.93906236, 0.014454901), (0.93906236, 0.24737471), (0.5694165, 0.49533272), (0.5742843, 0.49533272), (0.5742843, 0.2624128), (0.5694164, 0.2624128), (0.5694164, 0.25754505), (0.5467005, 0.25754505), (0.5467005, 0.2624128), (0.5418327, 0.2624128), (0.5418327, 0.49533272), (0.5467005, 0.49533272), (0.5467005, 0.5002005), (0.5694165, 0.5002005), (0.51911664, 0.2624128), (0.51911676, 0.49533272), (0.7652686, 0.5102216), (0.76040083, 0.5102216), (0.76040083, 0.74314153), (0.7652686, 0.74314153), (0.7652686, 0.74800926), (0.78798467, 0.74800926), (0.78798467, 0.74314153), (0.79285246, 0.74314153), (0.79285246, 0.5102216), (0.78798467, 0.5102216), (0.78798467, 0.5053538), (0.7652686, 0.5053538), (0.8155685, 0.74314153), (0.8155685, 0.5102216), (0.8859108, 0.75803065), (0.88104296, 0.75803065), (0.88104296, 0.9909505), (0.8859108, 0.9909505), (0.8859108, 0.9958183), (0.9086268, 0.9958183), (0.9086268, 0.9909505), (0.9134946, 0.9909505), (0.9134946, 0.75803065), (0.9086268, 0.75803065), (0.9086268, 0.75316286), (0.8859108, 0.75316286), (0.93621063, 0.9909505), (0.93621063, 0.75803065), (0.8255898, 0.5102216), (0.82072186, 0.5102216), (0.82072186, 0.74314153), (0.8255898, 0.74314153), (0.8255898, 0.74800926), (0.8483057, 0.74800926), (0.8483057, 0.74314153), (0.8531735, 0.74314153), (0.8531735, 0.5102216), (0.8483057, 0.5102216), (0.8483057, 0.5053538), (0.8255898, 0.5053538), (0.87588954, 0.74314153), (0.87588954, 0.5102216), (0.5003869, 0.24533331), (0.5052547, 0.24533331), (0.50525475, 0.012413442), (0.5003869, 0.012413442), (0.5003869, 0.00754565), (0.4776709, 0.007545471), (0.4776709, 0.012413442), (0.47280312, 0.012413442), (0.47280312, 0.24533331), (0.4776709, 0.24533331), (0.4776709, 0.2502011), (0.5003869, 0.2502011), (0.45008713, 0.012413442), (0.45008713, 0.24533331), (0.8710218, 0.9909505), (0.87588954, 0.9909505), (0.87588954, 0.75803065), (0.8710218, 0.75803065), (0.8710218, 0.75316286), (0.8483057, 0.75316286), (0.8483057, 0.75803065), (0.84343797, 0.75803065), (0.84343797, 0.9909505), (0.8483057, 0.9909505), (0.8483057, 0.9958183), (0.8710218, 0.9958183), (0.82072186, 0.75803065), (0.82072186, 0.9909505), (0.44877422, 0.74314153), (0.45364204, 0.74314153), (0.45364204, 0.5102216), (0.44877425, 0.5102216), (0.44877425, 0.5053538), (0.42605826, 0.5053538), (0.42605826, 0.5102216), (0.42119044, 0.5102216), (0.4211904, 0.74314153), (0.42605826, 0.74314153), (0.42605826, 0.74800926), (0.44877425, 0.74800926), (0.39847443, 0.5102216), (0.3984744, 0.74314153), (0.62973756, 0.9909505), (0.63460535, 0.9909505), (0.63460535, 0.75803065), (0.62973756, 0.75803065), (0.62973756, 0.75316286), (0.6070215, 0.75316286), (0.6070215, 0.75803065), (0.6021537, 0.75803065), (0.6021537, 0.9909505), (0.6070215, 0.9909505), (0.6070215, 0.9958183), (0.62973756, 0.9958183), (0.5794377, 0.75803065), (0.5794378, 0.9909505), (0.43766892, 0.24433285), (0.4425367, 0.24433285), (0.4425367, 0.011412919), (0.4376688, 0.011412919), (0.4376688, 0.006545186), (0.41495287, 0.006545186), (0.41495287, 0.011412919), (0.41008508, 0.011412919), (0.41008508, 0.24433285), (0.41495287, 0.24433285), (0.41495287, 0.24920058), (0.43766892, 0.24920058), (0.38736904, 0.011412919), (0.38736916, 0.24433285), (0.4487743, 0.49533272), (0.4536421, 0.49533272), (0.4536421, 0.2624128), (0.4487742, 0.2624128), (0.4487742, 0.25754505), (0.42605826, 0.25754505), (0.42605826, 0.2624128), (0.42119047, 0.2624128), (0.42119047, 0.49533272), (0.42605826, 0.49533272), (0.42605826, 0.5002005), (0.4487743, 0.5002005), (0.3984744, 0.2624128), (0.3984745, 0.49533272), (0.5090955, 0.9909505), (0.5139632, 0.9909505), (0.5139632, 0.75803065), (0.5090955, 0.75803065), (0.5090955, 0.75316286), (0.4863794, 0.75316286), (0.4863794, 0.75803065), (0.48151162, 0.75803065), (0.48151162, 0.9909505), (0.4863794, 0.9909505), (0.4863794, 0.9958183), (0.5090955, 0.9958183), (0.45879558, 0.75803065), (0.4587957, 0.9909505), (0.92904115, 0.24737471), (0.93390894, 0.24737471), (0.93390894, 0.014454901), (0.92904115, 0.014454901), (0.92904115, 0.009587109), (0.9063251, 0.009587109), (0.9063251, 0.014454901), (0.9014573, 0.014454901), (0.9014573, 0.24737471), (0.9063251, 0.24737471), (0.9063251, 0.2522425), (0.92904115, 0.2522425), (0.8787414, 0.014454901), (0.87874126, 0.24737471), (0.62973756, 0.74314153), (0.63460535, 0.74314153), (0.63460535, 0.5102216), (0.6297375, 0.5102216), (0.62973756, 0.5053538), (0.6070215, 0.5053538), (0.6070215, 0.5102216), (0.6021537, 0.5102216), (0.6021537, 0.74314153), (0.6070215, 0.74314153), (0.6070215, 0.74800926), (0.62973756, 0.74800926), (0.5794377, 0.5102216), (0.5794377, 0.74314153), (0.62465644, 0.2492544), (0.62952423, 0.2492544), (0.62952423, 0.016334474), (0.6246563, 0.016334474), (0.6246563, 0.011466742), (0.6019404, 0.011466742), (0.6019404, 0.016334474), (0.5970726, 0.016334474), (0.5970726, 0.2492544), (0.6019404, 0.2492544), (0.6019404, 0.2541222), (0.62465644, 0.2541222), (0.57435656, 0.016334474), (0.57435656, 0.2492544), (0.80658317, 0.24846697), (0.81145096, 0.24846697), (0.81145096, 0.015547097), (0.80658305, 0.015547097), (0.80658305, 0.010679305), (0.7838671, 0.010679305), (0.7838671, 0.015547097), (0.7789993, 0.015547097), (0.7789993, 0.24846697), (0.7838671, 0.24846697), (0.7838671, 0.25333476), (0.80658317, 0.25333476), (0.7562833, 0.015547097), (0.7562833, 0.24846697), (0.7503797, 0.74314153), (0.7552475, 0.74314153), (0.7552475, 0.5102216), (0.75037956, 0.5102216), (0.7503797, 0.5053538), (0.72766364, 0.5053538), (0.72766364, 0.5102216), (0.72279584, 0.5102216), (0.72279584, 0.74314153), (0.72766364, 0.74314153), (0.72766364, 0.74800926), (0.7503797, 0.74800926), (0.7000798, 0.5102216), (0.7000798, 0.74314153), (0.9916638, 0.74314153), (0.9965316, 0.74314153), (0.9965316, 0.5102216), (0.9916638, 0.5102216), (0.9916638, 0.5053538), (0.9689478, 0.5053538), (0.9689478, 0.5102216), (0.96408004, 0.5102216), (0.96408004, 0.74314153), (0.9689478, 0.74314153), (0.9689478, 0.74800926), (0.9916638, 0.74800926), (0.94136405, 0.5102216), (0.94136405, 0.74314153), (0.94623184, 0.2624128), (0.94136405, 0.2624128), (0.94136405, 0.49533272), (0.94623184, 0.49533272), (0.94623184, 0.5002005), (0.9689478, 0.5002005), (0.9689478, 0.49533248), (0.9738157, 0.49533248), (0.9738156, 0.2624128), (0.9689478, 0.2624128), (0.9689478, 0.25754505), (0.94623184, 0.25754505), (0.9965316, 0.49533272), (0.9965316, 0.2624128)] (
                                        interpolation = "vertex"
                                    )
                                    uniform token subdivisionScheme = "none"
                                }
                            }
                        }

                        over "Cylinder_001"
                        {
                            matrix4d xformOp:transform = ( (100, 0, 0, 0), (0, -0.000016292067805956595, -100, 0), (0, 100, -0.000016292067805956595, 0), (-1938.6491700227987, 139.24781342591965, -250.2623596191408, 1) )
                        }

                        over "Concrete_Pipe1"
                        {
                            matrix4d xformOp:transform = ( (100, 0, 0, 0), (0, -0.000016292067805956595, -100, 0), (0, 100, -0.000016292067805956595, 0), (-1693.462037727611, 210.12011015112168, 199.2994701876891, 1) )
                        }

                        over "Concrete_Pipe2"
                        {
                            matrix4d xformOp:transform = ( (-83.53059110776573, 0.00013122802352405152, 54.978546338262795, 0), (1.3941293224796438, -99.96784210156883, 2.118382036752275, 0), (54.96086235192649, 2.535968758057253, 83.50371723203799, 0), (-1500.0517261933794, 122.00618062853, 12.189121705510097, 1) )
                        }

                        over "Pallet1_002"
                        {
                            matrix4d xformOp:transform = ( (85.69894620381861, 4.5931564669365195e-7, -51.53340031032547, 0), (-51.53340031032542, -0.000016241787773040186, -85.69894620381866, 0), (-0.000008763573533521318, 100.00000000000007, -0.0000136823389951248, 0), (-1640.8976452574484, 110.49737454947852, -693.0055053705304, 1) )
                        }

                        over "pipe_stack_planks"
                        {
                            matrix4d xformOp:transform = ( (100, 0, 0, 0), (0, -0.000016292067805956595, -100, 0), (0, 100, -0.000016292067805956595, 0), (-2496.2628965537397, 219.4630888205684, -620.6368789554317, 1) )
                        }

                        over "Cement_012"
                        {
                            over "Cement_012_Cement_0"
                            {
                                over "Cement_012_Cement_0" (
                                    active = false
                                )
                                {
                                }
                            }
                        }

                        over "Hammer1"
                        {
                            over "Hammer1_Handle_Hammer1_0"
                            {
                                over "Hammer1_Handle_Hammer1_0" (
                                    active = false
                                )
                                {
                                }
                            }

                            over "Hammer1_Head_Hammer_0"
                            {
                                over "Hammer1_Head_Hammer_0" (
                                    active = false
                                )
                                {
                                }
                            }
                        }

                        over "Hammer2"
                        {
                            over "Hammer2_Handle_Hammer2_0"
                            {
                                over "Hammer2_Handle_Hammer2_0" (
                                    active = false
                                )
                                {
                                }
                            }

                            over "Hammer2_Head_Hammer2_0"
                            {
                                over "Hammer2_Head_Hammer2_0" (
                                    active = false
                                )
                                {
                                }
                            }
                        }

                        over "Pallet1"
                        {
                            over "Pallet1_Wood1_0"
                            {
                                over "Pallet1_Wood1_0" (
                                    active = false
                                )
                                {
                                }
                            }
                        }

                        over "Pallet2"
                        {
                            over "Pallet2_Wood2_0"
                            {
                                over "Pallet2_Wood2_0" (
                                    active = false
                                )
                                {
                                }
                            }
                        }

                        over "Small_Con_Cyl"
                        {
                            over "Small_Con_Cyl_Small_Con_Cyl_0"
                            {
                                over "Small_Con_Cyl_Small_Con_Cyl_0" (
                                    active = false
                                )
                                {
                                }
                            }
                        }

                        over "shovel"
                        {
                            over "shovel_Handle_0"
                            {
                                over "shovel_Handle_0" (
                                    active = false
                                )
                                {
                                }
                            }

                            over "shovel_Head_0"
                            {
                                over "shovel_Head_0" (
                                    active = false
                                )
                                {
                                }
                            }
                        }
                    }
                }
            }
        }
    }

    def "bike_2" (
        prepend payload = @./assets/bike/scene.usdc@
    )
    {
        quatf xformOp:orient = (1, 0, 0, 0)
        double xformOp:rotateX:unitsResolve = 90
        float3 xformOp:scale = (1, 1, 1)
        double3 xformOp:scale:unitsResolve = (0.01, 0.01, 0.01)
        double3 xformOp:translate = (-4.324137210845947, 1.9124995115646926, 0.12700054049491719)
        uniform token[] xformOpOrder = ["xformOp:translate", "xformOp:orient", "xformOp:scale", "xformOp:rotateX:unitsResolve", "xformOp:scale:unitsResolve"]

        over "Meshes"
        {
            over "Sketchfab_model"
            {
                over "motorbike_obj_cleaner_materialmerger_gles"
                {
                    over "Object_7"
                    {
                        over "Object_5"
                        {
                            quatf xformOp:orient = (1, 0, 0, 0)
                            float3 xformOp:scale = (1, 1, 1)
                            double3 xformOp:translate = (0, 0, 0)
                            uniform token[] xformOpOrder = ["xformOp:translate", "xformOp:orient", "xformOp:scale"]
                        }
                    }
                }
            }
        }
    }

    def "bike_1" (
        instanceable = true
        prepend payload = @./assets/bike/scene.usdc@
    )
    {
        quatf xformOp:orient = (0.77997994, 0, 0, 0.62580454)
        double xformOp:rotateX:unitsResolve = 90
        float3 xformOp:scale = (1, 1, 1)
        double3 xformOp:scale:unitsResolve = (0.01, 0.01, 0.01)
        double3 xformOp:translate = (0.8319608175754437, -0.24382762079590636, 0.12700140476226915)
        uniform token[] xformOpOrder = ["xformOp:translate", "xformOp:orient", "xformOp:scale", "xformOp:rotateX:unitsResolve", "xformOp:scale:unitsResolve"]
    }
}

def "Render" (
    hide_in_stage_window = true
    no_delete = true
)
{
    def "OmniverseKit"
    {
        def "HydraTextures" (
            hide_in_stage_window = true
            no_delete = true
        )
        {
            def RenderProduct "omni_kit_widget_viewport_ViewportTexture_0" (
                prepend apiSchemas = ["OmniRtxSettingsCommonAdvancedAPI_1", "OmniRtxSettingsRtAdvancedAPI_1", "OmniRtxSettingsPtAdvancedAPI_1", "OmniRtxPostColorGradingAPI_1", "OmniRtxPostChromaticAberrationAPI_1", "OmniRtxPostBloomPhysicalAPI_1", "OmniRtxPostMatteObjectAPI_1", "OmniRtxPostCompositingAPI_1", "OmniRtxPostDofAPI_1", "OmniRtxPostMotionBlurAPI_1", "OmniRtxPostTvNoiseAPI_1", "OmniRtxPostTonemapIrayReinhardAPI_1", "OmniRtxPostDebugSettingsAPI_1", "OmniRtxDebugSettingsAPI_1"]
                hide_in_stage_window = true
                no_delete = true
            )
            {
                rel camera = </OmniverseKit_Persp>
                token omni:rtx:ambientOcclusion:denoiserMode = "none"
                token omni:rtx:background:source:texture:textureMode = "repeatMirrored"
                token omni:rtx:background:source:type = "domeLight"
                bool omni:rtx:debug:view:pixelDebug:enableFixedTextPos = 1
                token omni:rtx:directLighting:sampledLighting:denoisingTechnique = "None"
                bool omni:rtx:dlss:frameGeneration = 0
                float3 omni:rtx:domeLight:rotationAxis = (0, 0, 1)
                bool omni:rtx:indirectDiffuse:denoiser:enabled = 0
                bool omni:rtx:material:db:syncLoads = 1
                token omni:rtx:post:dlss:execMode = "performance"
                bool omni:rtx:post:registeredCompositing:invertColorCorrection = 1
                bool omni:rtx:post:registeredCompositing:invertToneMap = 1
                bool omni:rtx:pt:adaptiveSampling:filterError = 0
                uint omni:rtx:pt:adaptiveSampling:fixedSppIterations = 2
                uint omni:rtx:pt:maxSamplesPerLaunch = 2073600
                uint omni:rtx:pt:mgpu:maxPixelsPerRegionExponent = 12
                bool omni:rtx:reflections:denoiser:enabled = 0
                token omni:rtx:rendermode = "RealTimePathTracing"
                color3f omni:rtx:rt:ambientLight:color = (0.1, 0.1, 0.1)
                bool omni:rtx:rt:demoire = 0
                bool omni:rtx:rt:lightcache:spatialCache:dontResolveConflicts = 1
                int omni:rtx:rt:sss:samples = 1
                uint omni:rtx:rtpt:maxVolumeBounces = 15
                float omni:rtx:rtpt:modulatingRoughnessThreshold = 0.08
                bool omni:rtx:scene:hydra:materialSyncLoads = 1
                bool omni:rtx:scene:hydra:mdlMaterialWarmup = 1
                int omni:rtx:scene:hydra:TBNFrameMode = 1
                rel orderedVars = </Render/Vars/LdrColor>
                custom bool overrideClipRange = 0
                uniform int2 resolution = (1280, 720)
            }
        }
    }

    def RenderSettings "OmniverseGlobalRenderSettings" (
        prepend apiSchemas = ["OmniRtxSettingsGlobalRtAdvancedAPI_1", "OmniRtxSettingsGlobalPtAdvancedAPI_1"]
        no_delete = true
    )
    {
        rel products = </Render/OmniverseKit/HydraTextures/omni_kit_widget_viewport_ViewportTexture_0>
    }

    def "Vars"
    {
        def RenderVar "LdrColor" (
            hide_in_stage_window = true
            no_delete = true
        )
        {
            uniform string sourceName = "LdrColor"
            uniform token sourceType = "raw"
        }
    }
}

def CesiumDataPrim "Cesium"
{
    prepend rel cesium:selectedIonServer = </CesiumServers/IonOfficial>
}

def CesiumGeoreferencePrim "CesiumGeoreference"
{
    matrix4d cesium:ecefToUsdTransform = ( (-0.5772336982984184, -0.4354349110063949, 0.6907949737987268, 0), (0.816578996514563, -0.3078057421526901, 0.4883178959951203, 0), (0, 0.8459622115524339, 0.5332428495772966, 0), (4.656612873077393e-10, 19280.982657559216, -6372580.310832208, 1) )
    double cesium:georeferenceOrigin:height = 516.7
    double cesium:georeferenceOrigin:latitude = 32.22481
    double cesium:georeferenceOrigin:longitude = 35.25621
}

def "CesiumServers"
{
    def CesiumIonServerPrim "IonOfficial"
    {
        string cesium:displayName = "ion.cesium.com"
        string cesium:ionServerApiUrl = "https://api.cesium.com/"
        int64 cesium:ionServerApplicationId = 413
        string cesium:ionServerUrl = "https://ion.cesium.com/"
    }
}

over "OmniverseKit_Persp" (
    prepend apiSchemas = ["OmniRtxCameraAutoExposureAPI_1", "OmniRtxCameraExposureAPI_1"]
    customData = {
        dictionary omni = {
            dictionary kit = {
                bool hide_in_stage_window = 1
                bool no_delete = 1
            }
        }
    }
    hide_in_stage_window = true
    kind = "component"
    no_delete = true
)
{
    float2 clippingRange = (0.01, 10000000)
    float exposure:fStop = 5
    float exposure:responsivity = 1.1026709
    float exposure:time = 0.02
    float focalLength = 18.147562
    float focusDistance = 400
    custom uniform vector3d omni:kit:centerOfInterest = (0, 0, -0.10337235614019408)
    float3 xformOp:rotateXYZ = (74.75382, -4.770832e-14, -58.5348)
    float3 xformOp:scale = (1, 1, 1)
    double3 xformOp:translate = (-11.913517818525802, -4.602321302483087, 4.266409722927074)
    uniform token[] xformOpOrder = ["xformOp:translate", "xformOp:rotateXYZ", "xformOp:scale"]
}

over "OmniverseKit_Front" (
    customData = {
        dictionary omni = {
            dictionary kit = {
                bool hide_in_stage_window = 1
                bool no_delete = 1
            }
        }
    }
    hide_in_stage_window = true
    kind = "component"
    no_delete = true
)
{
    float2 clippingRange = (1, 10000000)
    float horizontalAperture = 50
    custom uniform vector3d omni:kit:centerOfInterest = (0, 0, -5)
    token projection = "orthographic"
    float verticalAperture = 50
    float3 xformOp:rotateXYZ = (90, -1.2722219e-14, 90)
    float3 xformOp:scale = (1, 1, 1)
    double3 xformOp:translate = (5, 0, 0)
    uniform token[] xformOpOrder = ["xformOp:translate", "xformOp:rotateXYZ", "xformOp:scale"]
}

over "OmniverseKit_Right" (
    customData = {
        dictionary omni = {
            dictionary kit = {
                bool hide_in_stage_window = 1
                bool no_delete = 1
            }
        }
    }
    hide_in_stage_window = true
    kind = "component"
    no_delete = true
)
{
    float2 clippingRange = (1, 10000000)
    float horizontalAperture = 50
    custom uniform vector3d omni:kit:centerOfInterest = (0, 0, -5)
    token projection = "orthographic"
    float verticalAperture = 50
    float3 xformOp:rotateXYZ = (90, -1.41245e-30, 1.2722219e-14)
    float3 xformOp:scale = (1, 1, 1)
    double3 xformOp:translate = (0, -5, 0)
    uniform token[] xformOpOrder = ["xformOp:translate", "xformOp:rotateXYZ", "xformOp:scale"]
}

over "OmniverseKit_Top" (
    customData = {
        dictionary omni = {
            dictionary kit = {
                bool hide_in_stage_window = 1
                bool no_delete = 1
            }
        }
    }
    hide_in_stage_window = true
    kind = "component"
    no_delete = true
)
{
    float2 clippingRange = (1, 10000000)
    float horizontalAperture = 50
    custom uniform vector3d omni:kit:centerOfInterest = (0, 0, -5)
    token projection = "orthographic"
    float verticalAperture = 50
    float3 xformOp:rotateXYZ = (-1.2722219e-14, -7.016709e-15, -90)
    float3 xformOp:scale = (1, 1, 1)
    double3 xformOp:translate = (0, 0, 5)
    uniform token[] xformOpOrder = ["xformOp:translate", "xformOp:rotateXYZ", "xformOp:scale"]
}

over "Planks"
{
    matrix4d xformOp:transform = ( (12.474706763129015, -0.000016230669276343742, -99.21885165043503, 0), (-99.21885165043776, -0.000001183848150297827, -12.474706763129191, 0), (8.501279846751088e-7, 100.00000000000001, -0.000016251567158676253, 0), (-2558.5341276755917, 230.6384100887334, 942.4671063159414, 1) )
}

over "Planks_01"
{
    matrix4d xformOp:transform = ( (12.474706763129015, -0.000016230669276343742, -99.21885165043503, 0), (-99.21885165043776, -0.000001183848150297827, -12.474706763129191, 0), (8.501279846751088e-7, 100.00000000000001, -0.000016251567158676253, 0), (-2558.5341276755917, 230.6384100887334, 942.4671063159414, 1) )

    over "Planks"
    {
        matrix4d xformOp:transform = ( (12.474706763129015, -0.000016230669276343742, -99.21885165043503, 0), (-99.21885165043776, -0.000001183848150297827, -12.474706763129191, 0), (8.501279846751088e-7, 100.00000000000001, -0.000016251567158676253, 0), (-2558.5341276755917, 230.6384100887334, 942.4671063159414, 1) )
    }
}

